hotel_id,hotel_name,total_rooms,company_name,hotel_price,city,address,map_link,company_id
1,DeLaSea Phát Linh Hạ Long,326,CÔNG TY CỔ PHẦN ĐẦU TƯ TÂN HOA LƯ,1950000,Hạ Long,"Lô 1, Đại Lộ Hạ Long Marine, Phường Bãi Cháy, TP. Hạ Long, Tỉnh Quảng Ninh",https://maps.app.goo.gl/yxDCjgQvorHL43xX9,1
2,Citadines Marina Hạ Long,580,The Ascott Limited,2000000,Hạ Long,"Bán đảo 3, Marina Halong, Hạ Long, Quảng Ninh",https://maps.app.goo.gl/yseMCyJmvGiZ1t7v9,2
3,Sea Stars Hotel Hạ Long,354,Sea Stars Group,2700000,Hạ Long,"Lô N8-1/Số 47 Cái Dăm, Khu đô thị, Thành phố Hạ Long, Quảng Ninh",https://maps.app.goo.gl/8EyutG7DHVyU4Xf88,3
4,Wyndham Legend Hạ Long,450,CÔNG TY CỔ PHẦN DU LỊCH DỊCH VỤ SAO HẠ LONG,2500000,Hạ Long,"12 Hạ Long, Bãi Cháy, Thành phố Hạ Long, Quảng Ninh",https://maps.app.goo.gl/A5ueMVJi4M7CXhJG7,4
5,Hạ Long Dream Hotel,186,Geleximco Group,1500000,Hạ Long,"số 10 đường Hạ Long, phường Bãi Cháy, Tp. Hạ Long",https://maps.app.goo.gl/EMV8uhrwSEetkPX17,5
6,DLecia Hạ Long ,80,CÔNG TY TNHH VINH QUANG HẠ LONG,1400000,Hạ Long,"Tấn Mài/38 Cái Dăm, Bãi Cháy, Thành phố Hạ Long, Quảng Ninh",https://maps.app.goo.gl/XFintsABhCX4AcNX9,6
7,Grand Fleuve Boutique  Hạ Long,102,CÔNG TY CỔ PHẦN ĐẦU TƯ MINH ĐĂNG,13500000,Hạ Long,"Grand World E101 Sun Plaza, Bãi Cháy, Thành phố Hạ Long, Quảng Ninh",https://maps.app.goo.gl/PQT1qXD6QYLGkEyw6,7
8,Boss Hotel Nha Trang,72,Boss Hotel Nha Trang,700000,Nha Trang,"10 Tôn Đản, phường Lộc Thọ,  thành phố Nha Trang",https://maps.app.goo.gl/KSHsLTBRXLpVJD2CA,8
9,Mường Thanh Grand Hạ Long ,192,CÔNG TY CỔ PHẦN TẬP ĐOÀN MƯỜNG THANH,1500000,Hạ Long,"Ô 7, lô 20 Đông Hùng Thắng, Bãi Cháy, thành phố Hạ Long, tỉnh Quảng Ninh, Việt Nam",https://maps.app.goo.gl/6GaKNa51pvU1X4dA6,9
10,Hạ Long Plaza,200,CÔNG TY TNHH LIÊN DOANH HẠ LONG PLAZA,1200000,Hạ Long,"Số 8 đường Hạ Long, P. Bãi Cháy, TP Hạ Long, Tỉnh Quảng Ninh",https://maps.app.goo.gl/RbDpNZqAw6GkzqUx5,10
11,Royal Khanh Hotel Tuy Hoà,60,CTY TNHH VẬN TẢI THƯƠNG MẠI DỊCH VỤ AN BẢO KHANH,800000,Phú Yên,"68 Nguyễn Huệ, Phường 5, Thành phố Tuy Hoà, Phú Yên","https://www.google.com/maps/place/Kh%C3%A1ch+s%E1%BA%A1n+Royal+Khanh/@13.0891852,109.3137021,15z/data=!4m18!1m8!3m7!1s0x316fec3f678090e3:0x1b417dd1a626ce32!2zNjggTmd1eeG7hW4gSHXhu4csIFBoxrDhu51uZyA1LCBUdXkgSMOyYSwgUGjDuiBZw6puIDYyMDAwMCwgVmnhu4d0IE5hbQ!3b1!8m2!3d13.0918291!4d109.3069429!16s%2Fg%2F11h4cwtsp0!3m8!1s0x316fedef8c5701fd:0x37bb2034ba363293!5m2!4m1!1i2!8m2!3d13.0918291!4d109.3069429!16s%2Fg%2F11fwm787jv?hl=vi-VN&entry=ttu&g_ep=EgoyMDI0MDgyMC4xIKXMDSoASAFQAw%3D%3D",11
12,Sài Gòn Phú Yên Hotel,87,CÔNG TY CỔ PHẦN DU LỊCH SÀI GÒN - PHÚ YÊN,900000,Phú Yên,"541 Trần Hưng Đạo, Phường 6, Thành phố Tuy Hoà, Phú Yên",https://maps.app.goo.gl/8GsotEzAyhox2Fmp6,12
13,Mường Thanh Quy Nhơn,86,Tập đoàn Mường Thanh,1300000,Quy Nhơn,"02 Nguyễn Huệ, Phường Lê Lợi, Thành phố Quy Nhơn, Bình Định",https://maps.app.goo.gl/ybviBzR7cfoa1bYs7,13
14,Anya Hotel Quy Nhơn,229,CÔNG TY CỔ PHẦN ĐẦU TƯ PHÁT TRIỂN DU LỊCH – DỊCH VỤ QUY NHƠN,1400000,Quy Nhơn," 03 Nguyễn Trung Tín, Phường Nguyễn Văn Cừ, Thành phố Quy Nhơn, Bình Định",https://maps.app.goo.gl/n1ArWHkdiZ83YCm6A,14
15,New Century Hotel Hạ Long,100,CÔNG TY CỔ PHẦN XÂY DỰNG DU LỊCH THƯƠNG MẠI BẠCH LONG,1200000,Hạ Long,"Khu Coral Bay, Tổ Hợp BIM 17 tầng, Hoàng Quốc Việt, Hạ Long.",https://maps.app.goo.gl/m6dq7crkJWWk94pB6,15
16,Minasi HANoiOi,30,CÔNG TY CỔ PHẦN MINASI WORLD,1550000,Hà Nội,"30 Bà Triệu, Hoàn Kiếm, Hà Nội",https://maps.app.goo.gl/FwrcgDy75wNwNM386,16
17,Hà Nội Starlight Hotel,30,HANOI STARLIGHT HOTEL,1100000,Hà Nội,"34  Hàng Gà, Hàng Bồ, Hoàn Kiếm, Hà Nội",https://maps.app.goo.gl/BXBiDBEnbL948rXP7,17
18,Affa Boutique Hotel Hà Nội,28,CÔNG TY CỔ PHẦN LƯƠNG THỰC HỒNG HÀ - KHÁCH SẠN AFFA BOUTIQUE,1200000,Hà Nội," 17 Tràng Thi, Phường Hàng Trống, Quận Hoàn Kiếm, Hanoi",https://maps.app.goo.gl/R9nCLqDGmYAkYAYw6,18
19, Ancient Paradise Hotel Hà Nội,32,HANOI ANCIENT PARADISE HOTEL,1400000,Hà Nội,"95 P. Hàng Chiếu, Hàng Buồm, Hoàn Kiếm, Hà Nội",https://maps.app.goo.gl/Ri7QJ3cQR9d3yZbk8,19
20,Meliá Hà Nội,306,Melia Hotels International,51200000,Hà Nội,"44 P. Lý Thường Kiệt, Trần Hưng Đạo, Hoàn Kiếm, Hà Nội",https://maps.app.goo.gl/4YL88BC7nEtrW6tNA,20
21, H Hotel Hà Nội,38,H HOTEL HANOI,2200000,Hà Nội,"76 Hàng Gà, Hàng Bồ, Hoàn Kiếm, Hà Nội ",https://maps.app.goo.gl/zgryBU8Pa768CxR16,21
22,Four Points By Sheraton Đà Nẵng,390,Công ty Cổ phần Địa ốc Alpha Nam Đà Nẵng,2200000,Đà Nẵng,"120 Võ Nguyên Giáp, Street, Sơn Trà, Đà Nẵng",https://maps.app.goo.gl/aXcAZcyYUBd4XgSD7,22
23,Libra Nha Trang Hotel,387,CÔNG TY CỔ PHẦN LIBRA NHA TRANG,800000,Nha Trang," 14 Hùng Vương, Phường Lộc Thọ, Thành phố Nha Trang, Khánh Hòa ",https://maps.app.goo.gl/cSUrMztSDiBgwdhA6,23
24,Bonjour Nha Trang Hotel,102,Bonjour Nha Trang Hotel,800000,Nha Trang,"7/2A Nguyễn Thị Minh Khai, Phường Tân Lập, Thành phố Nha Trang, Khánh Hòa",https://maps.app.goo.gl/46WBD61paVmffY8h9,24
25,Sala Tuy Hoà Beach Hotel,135,Sala Hotel Group,1100000,Phú Yên,"51 Độc Lập, Phường 7, Thành phố Tuy Hoà, Phú Yên",https://maps.app.goo.gl/f52do6CZ8vYfGjmYA,25
26,Grand Tourane Hotel Đà Nẵng ,188,Công ty TNHH TV Thương mại Quảng Nam  – Đà Nẵng – KS Grand Tourane,1800000,Đà Nẵng,"252 Võ Nguyên Giáp, Sơn Trà, Đà Nẵng",https://maps.app.goo.gl/TR357p18vtG1aX6x7,26
27,Phú Yên Everyday Hotel ,95,Phú Yên Everyday Hotel ,1100000,Phú Yên,"251 Hùng Vương, Phường 5, Thành phố Tuy Hoà, Phú Yên",https://maps.app.goo.gl/TCZ28B5cJApRVy6h7,27
28,Hùng Vương Hotel Tuy Hoà,50,Hùng Vương Hotel Tuy Hoà,700000,Phú Yên," 241 ĐL Hùng Vương, Phường 9, Thành phố Tuy Hoà, Phú Yên",https://maps.app.goo.gl/uGy3VCqLHrx1CC189,28
29,La Casa Hotel Tuy Hoà,30,Công Ty TNHH DV và Du lịch Phố Xanh,700000,Phú Yên,"145A Hung Vương, Phường 6, Thành phố Tuy Hoà, Phú Yên",https://maps.app.goo.gl/9U6PGcZrQRAyavoNA,29
30,Aaron Hotel Nha Trang,70,Aaron Hotel Nha Trang,700000,Nha Trang,"06 Trần Quang Khải, Phường Lộc Thọ, Thành phố Nha Trang, Khánh Hòa ",https://maps.app.goo.gl/f11PLTwgVX2eB7vS6,30
31,Red Sun Nha Trang Hotel,145,CÔNG TY TNHH THƯƠNG MẠI DỊCH VỤ NANO,1200000,Nha Trang,"96B Trần Phú, Phường Lộc Thọ, Thành phố Nha Trang, Khánh Hòa (",https://maps.app.goo.gl/dkdQZkJSv4DSa2F98,31
32,Wyndham Đà Nẵng Golden Bay,949,CÔNG TY TNHH HÒA BÌNH – CHI NHÁNH ĐÀ NẴNG,2400000,Đà Nẵng,"01 Lê Văn Duyệt, Nại Hiên Đông, Sơn Trà, thành phố Đà Nẵng",https://maps.app.goo.gl/roCPYQpXdqtWjUVP9,32
33,Mường Thanh Luxury Đà Nẵng,583,Khách sạn Mường Thanh Luxury Đà Nẵng – Chi nhánh  Công ty cổ phần tập đoàn Mường Thanh,1400000,Đà Nẵng,"270 Võ Nguyên Giáp, Phường Mỹ An, Quận Ngũ Hành Sơn, Thành phố Đà Nẵng",https://maps.app.goo.gl/RXJ7uxZ7jPtRDTJd9,33
34,Yarra Ocean Suites Đà Nẵng,102, Yarra Ocean Suites Danang © 2023  Công Ty Cổ Phần Thương Mại Và Dịch Vụ Du Lịch Hùng Bảo Anh,1200000,Đà Nẵng,"304 Võ Nguyên Giáp, Bắc Mỹ An, Ngũ Hành Sơn, Đà Nẵng",https://maps.app.goo.gl/ELTgz3qNhJZX184E8,34
35,The LEAF Boutique Đà Nẵng Hotel,1,Khách sạn The LEAF Da Nang Boutique,1550000,Đà Nẵng,"38 Võ Nguyên Giáp, Phường Mân Thái, Quận Sơn Trà, TP Đà Nẵng, Việt Nam",https://maps.app.goo.gl/yXPqofQjB94TXg1H6,35
36,The Yacht Hạ Long,297,The Yacht Hạ Long by DC,2300000,Hạ Long,"258 Bãi Cháy, Thành phố Hạ Long, Quảng Ninh",https://maps.app.goo.gl/A8vjr3ffuurKnVDY7,36
37,Nha Trang Horizon Hotel,375,Nha Trang Horizon Hotel,1300000,Nha Trang,"102 Dương Hiến Quyền, Phường Vĩnh Hải, Thành phố Nha Trang, Khánh Hòa",https://maps.app.goo.gl/bw82JSprfT7C7An76,37
38,Hilton Garden Inn Đà Nẵng,234,Công ty Cổ phần Đầu tư Thương mại và Xuất nhập khẩu Hải An tại Thành phố Đà Nẵng,1950000,Đà Nẵng,"96 Võ Nguyên Giáp, Mân Thái, Sơn Trà, Đà Nẵng ",https://maps.app.goo.gl/mPf1Wsj7drVKaYAX6,38
39,Sala Grand Tuy Hoà Hotel,226,Sala Hotel Group,1500000,Phú Yên,"09 Độc Lập, Phường 7, Thành phố Tuy Hoà, Phú Yên",https://maps.app.goo.gl/EKKhyhU8G1CFNidRA,25
40,Paracel Beach Hotel Đà Nẵng,165,CÔNG TY TNHH TM& DV DU LỊCH HOÀNG HIẾN,1200000,Đà Nẵng,"204 Võ Nguyên Giáp, Phước Mỹ Sơn Trà, Đà Nẵng, Việt Nam",https://maps.app.goo.gl/yr3QRYaMkd4QC3aN9,39
41,Stelia Beach Resort ,52,CÔNG TY CỔ PHẦN ĐẦU TƯ VÀ KINH DOANH NHÀ VIỆT BEACH,3000000,Phú Yên," Lô C1 Độc Lập, Phường 9, Thành phố Tuy Hoà, Phú Yên ",https://maps.app.goo.gl/zeoNZxugw3SfxC7t5,40
42,Royal Lotus Hotel Đà Nẵng,192,CÔNG TY CỔ PHẦN DU LỊCH VÀ THƯƠNG MẠI HOA PHƯỢNG,1200000,Đà Nẵng," 120 Nguyễn Văn Thoại, Mỹ An,  Ngũ Hành Sơn, Đà Nẵng, Việt Nam",https://maps.app.goo.gl/J2H7hkesdZA5Mmqk7,41
43,Golden Lotus Hotel Đà Nẵng,98,CÔNG TY CỔ PHẦN DỊCH VỤ VÀ DU LỊCH CÁT LÂM,1100000,Đà Nẵng,"200 Trần Bạch Đằng , P. Mỹ An,  Q. Ngũ Hành Sơn, Đà Nẵng, Việt Nam",https://maps.app.goo.gl/skWFn7rn7oNvGEQD6,42
44, Mandala Hotel & Spa Phú Yên,220,Công ty Cổ phần Đầu tư Châu Á - Thái Bình Dương,1500000,Phú Yên," Đại Lộ Hùng Vương, Phường 7, Thành phố Tuy Hoà, Phú Yên",https://maps.app.goo.gl/Wku21Lfywp7kxeWQ7,43
45,Grand Jeep Hotel Đà Nẵng,94,Công Ty TNHH Logistics Kỷ Nguyên Mới,800000,Đà Nẵng,142 - 146 Hồ Nghinh - Sơn Trà - Đà Nẵng,https://maps.app.goo.gl/dcqBm5RBcqPCPWt66,44
46,The Kila Boutique Hotel Quy Nhơn,40,Công ty TNHH PHÚ HẢI,800000,Quy Nhơn,"06 Trương Văn Của, Phường Nguyễn Văn Cừ, Thành phố Quy Nhơn, Bình Định",https://maps.app.goo.gl/yFM5ZVNo7FcarNTn7,45
47,Dylan Hotel Đà Nẵng,50,CHI NHÁNH CÔNG TY TNHH KINH DOANH THƯƠNG MẠI DUNG NAM TẠI ĐÀ NẴNG - KHÁCH SẠN DYLAN,900000,Đà Nẵng,93 - 95 Hà Bổng - Phước Mỹ  Sơn Trà - Đà Nẵng ,https://maps.app.goo.gl/MqmJiqmuRSLiJr7U9,46
48,Sunrise Nha Trang Beach Hotel & Spa,125,Công ty Cổ phần Khách sạn và Dịch vụ Đại Dương (Ocean Hospitality – OCH) ,1500000,Nha Trang,"2 - 14 Trần Phú, Phường Xương Huân, Thành phố Nha Trang, Khánh Hòa ",https://maps.app.goo.gl/VLx9toNX4EqLp6Sd6,47
49,Greenery Hotel Đà Nẵng,20,CÔNG TY TNHH DU LỊCH VÀ KHÁCH SẠN PHƯƠNG LINH KHÁCH SẠN GREENERY ĐÀ NẴNG,750000,Đà Nẵng,"76 Hà Bổng, Đà Nẵng, Việt Nam",https://maps.app.goo.gl/KQ5FYboV3HNgghZW6,48
50,Grand Mercure Đà Nẵng,272,Grand Mercure Danang,2500000,Đà Nẵng,"Lô A1 Khu biệt thự Đảo Xanh, phường Hòa Cường Bắc, quận Hải Châu, Đà Nẵng",https://maps.app.goo.gl/KQR5n18wnndMabr29,49
51,December Hotel Nha Trang,246,CÔNG TY TNHH ĐẦU TƯ MNB VIỆT NAM,1400000,Nha Trang,"289 Nguyễn Thiện Thuật, Phường Lộc Thọ, Thành phố Nha Trang, Khánh Hòa",https://maps.app.goo.gl/EmWq19u4M3QgLrfDA,50
52,Citadines Bayfront Nha Trang Hotel,313,The Ascott Limited,1700000,Nha Trang,"62 Trần Phú, Phường Lộc Thọ, Thành phố Nha Trang, Khánh Hòa",https://maps.app.goo.gl/WdPQyCGP2fnjm2At9,2
53,Paris Deli Hotel Đà Nẵng,103,Khách sạn Paris Deli Đà Nẵng Beach Hotel,1600000,Đà Nẵng,"236 Võ Nguyên Giáp, Phường Phước Mỹ, Quận Sơn Trà, Đà Nẵng",https://maps.app.goo.gl/fjFEdsATC5tCXkDs5,51
54,Vesna Hotel Nha Trang,344,Vesna Hotel Nha Trang,1000000,Nha Trang,"100/6A Trần Phú, Phường Lộc Thọ, Thành phố Nha Trang, Khánh Hòa",https://maps.app.goo.gl/StpJpCf3LYQDy3XJA,52
55,DB Hotel Nha Trang,88,CÔNG TY TNHH THƯƠNG MẠI – DU LỊCH THÁI MINH,800000,Nha Trang,"96A/6/13-14 Trần Phú, Phường Lộc Thọ, Thành phố Nha Trang, Khánh Hòa",https://maps.app.goo.gl/4LbEcoRGAmp5jk8t9,53
56,Imperial Hotel Nha Trang,143,Công ty Cổ phần Du Lịch & Thương Mại Công Thắng,1700000,Nha Trang,"20 Trần Phú, Phường Vĩnh Hòa, Thành phố Nha Trang, Khánh Hòa",https://maps.app.goo.gl/faPg81RqwdoS7xcc6,54
57, Xavia Nha Trang Hotel,180,CÔNG TY CỔ PHẦN ĐẦU TƯ GEDOSICO,1300000,Nha Trang,"09 Hoàng Diệu, Phường Vĩnh Hòa, Thành phố Nha Trang, Khánh Hòa",https://maps.app.goo.gl/ofTFj6tcoY8WpRRg7,55
58,Sala Đà Nẵng Beach Hotel,162,Sala Hotel Group,1600000,,"36 – 38 Lâm Hoành, Sơn Trà, Đà Nẵng, Việt Nam",https://maps.app.goo.gl/V1bc3c3mYFrYXkvQ7,25
59,Peninsula Hotel Đà Nẵng,263,CÔNG TY CỔ PHẦN BĐS CĂN HỘ KS TOKYO GRAND,2000000,Đà Nẵng,"84 Võ Nguyên Giáp, phường Mân Thái, quận Sơn Trà, Thành phố Đà Nẵng,  Việt Nam",https://maps.app.goo.gl/rrnm7SjttVPsAeqj8,56
60,SunKiss Nha Trang Hotel,95,CÔNG TY TNHH KHÁCH SẠN SUN KISS,800000,Nha Trang,"100/8C - 100/C9 Trần Phú, Phường Vĩnh Trường, Thành phố Nha Trang, Khánh Hòa",https://maps.app.goo.gl/MajP8duxNcPRq1e26,57
61,Saphia Hotel Nha Trang,72,Saphia Hotel Nha Trang,700000,Nha Trang," 90-92 Trần Phú, Phường Lộc Thọ, Thành phố Nha Trang, Khánh Hòa",https://maps.app.goo.gl/PtkZ2ajb31pnunhj7,58
62,Meliá Đà Nẵng Beach Resort,264,CÔNG TY TNHH SAO VIỆT NON NƯỚC,3200000,Đà Nẵng,"19 Trường Sa, Hoà Hải, Ngũ Hành Sơn, Đà Nẵng, Việt Nam",https://maps.app.goo.gl/AYnXbAsbNj2mRL9b7,59
63,Asteria Comodo Nha Trang Hotel,241,CÔNG TY CỔ PHẦN ĐẦU TƯ VÀ DỊCH VỤ KHÁCH SẠN THÁI BÌNH DƯƠNG,1300000,Nha Trang,"86A Trần Phú, Phường Lộc Thọ, Thành phố Nha Trang, Khánh Hòa",https://maps.app.goo.gl/rnaaAkTK5BWMYQXe8,60
64,Venue Hotel Nha Trang,64,Venue Hotel Nha Trang,800000,Nha Trang,"24 Tôn Đản, Phường Lộc Thọ, Thành phố Nha Trang, Khánh Hòa ",https://maps.app.goo.gl/FByQs6pGnxSP9byW7,61
65,Lavencos Hotel Đà Nẵng,71,Khách sạn Lavencos,1000000,Bà Rịa - Vũng Tàu,"360 - 362 Võ Nguyên Giáp, Đà Nẵng, Việt Nam",https://maps.app.goo.gl/NMf9vXGvoLN5o9Y38,62
66,Starcity Hotel & Condotel Beachfront Nha Trang,203,CÔNG TY TNHH MTV SAO HÔM NHA TRANG,1600000,Nha Trang,"72 - 74 Đường Trần Phú, Phường Lộc Thọ, Thành Phố Nha Trang, Tỉnh Khánh Hòa",https://maps.app.goo.gl/h4w9vpYnqj9LVfhq7,63
67,M Hotel Đà Nẵng,195,M Group Đà Nẵng,2700000,Đà Nẵng,"286 Võ Nguyên Giáp, Bắc Mỹ Phú, Ngũ Hành Sơn, Đà Nẵng, Việt Nam",https://maps.app.goo.gl/FreNdhUfSprfD35A9,64
68,Prime New Hotel Nha Trang,73,CÔNG TY TNHH ATD –KHÁCH SẠN PRIME NHA TRANG,700000,Nha Trang,"22 Tôn Đản, Phường Lộc Thọ, Thành phố Nha Trang, Khánh Hòa",https://maps.app.goo.gl/wTPjCVz1skHhALq49,65
69,Lotte Hà Nội,318,LOTTE HOTEL VIETNAM,3500000,Hà Nội,"Số 54 Liễu Giai, P. Cống Vị. Ba Đình, Hà Nội",https://maps.app.goo.gl/ZLqV6sHknyyzSLof9,66
70, Silk Queen  Hotel Hà Nội,60,CÔNG TY TNHH ĐỨC ĐỊNH,1700000,Hà Nội,"Số 100 Hàng Gai, Phường Hàng Gai, Quận Hoàn Kiếm, TP. Hà Nội,",https://maps.app.goo.gl/kMShZr9SNZfoCFBN8,67
71,Melia Vinpearl Đà Nẵng Riverfront,864,Melia Vinpearl Hotels & Resort ,2100000,Đà Nẵng,"341 Đ. Trần Hưng Đạo, An Hải Bắc, Sơn Trà, Đà Nẵng",https://maps.app.goo.gl/xJf1hxdwY9oSsYbS7,68
72,HAIAN Riverfront Đà Nẵng,85,Khách sạn HAIAN Riverfront Đà Nẵng,1400000,Đà Nẵng,"182 Bạch Đằng, Street, Hải Châu, Đà Nẵng",https://maps.app.goo.gl/RnFmneNkJgFXGyDY6,69
73,Nha Trang Marriott Resort & Spa,829,Marriott International,2700000,Nha Trang,"Đảo Hòn Tre, Phường Vĩnh Nguyên, Thành phố Nha Trang, Khánh Hòa ",https://maps.app.goo.gl/23fXEH5gCE2iYjK16,70
74,Melia Vinpearl Nha Trang Empire,1221,Melia Hotels Internationl & Vinpearl,2000000,Nha Trang,"44 - 46 Lê Thánh Tôn, Phường Lộc Thọ, Thành phố Nha Trang, Khánh Hòa",https://maps.app.goo.gl/6ZcGZtvVaqnem8d37,71
75,Minawa Kenhga Resort & Spa Ninh Binh,126,CÔNG TY CỔ PHẦN BÁN ĐẢO KÊNH GÀ,3000000,Ninh Bình,"Thôn Kênh Gà, Gia Thịnh, Gia Viễn, Ninh Bình",https://maps.app.goo.gl/6qrFq8dqALJtBNag7,72
76,Tam Coc Lion Kings Hotel & Resort Ninh Bình,26,CÔNG TY TNHH TIẾN HUYỀN,1150000,Ninh Bình,"Thôn Đam Khê Trong, Hoa Lư, Ninh Bình",https://maps.app.goo.gl/VvTn66nZZLwsNJKx9,73
77,Hidden Charm Hotel & Resort Ninh Bình,98,CÔNG TY TNHH THÊU REN MẶT TRỜI XANH,1800000,Ninh Bình,"Số 9, Khu du lịch Tam Cốc – Bích Động, Ninh Thắng, Hoa Lư, Ninh Bình",https://maps.app.goo.gl/uxZkFM5142jG3ryw9,74
78,Melissa Nha Trang Hotel,83,Melissa Nha Trang Hotel,1000000,Nha Trang,"100A2-100A3 Trần Phú, Phường Lộc Thọ, Thành phố Nha Trang, Khánh Hòa",https://maps.app.goo.gl/Zb1YZ9wcwbXdy6Ka8,75
79,Masova Hotel Nha Trang,80,Masova Hotel Nha Trang,1000000,Nha Trang,"100A8 - 100A9 Trần Phú, Phường Lộc Thọ, Thành phố Nha Trang, Khánh Hòa ",https://maps.app.goo.gl/BgSqMEN7jaHwshMt9,76
80,Sunflower Hotel Tuy Hòa,60,Sunflower Hotel Tuy Hòa ,800000,Phú Yên,"341 Lê Duẩn, Phường 7, Thành phố Tuy Hoà, Phú Yên",https://maps.app.goo.gl/rBBMgYrZPCefug5J8,77
81,Salmalia Boutique Hotel & Spa,44,CÔNG TY CỔ PHẦN XÂY DỰNG DỊCH VỤ VÀ THƯƠNG MẠI MỘC MIÊN,1500000,Đà Nẵng,"52 Lâm Hoành, Đà Nẵng, Việt Nam",https://maps.app.goo.gl/2k5CiPLdMcmiMQ138,78
82,M Hotel Phú Quốc,160,M Group,1500000,Phú Quốc,"46 Trần Hưng Đạo, Thị trấn Dương Đông, Thành phố Phú Quốc, Kiên Giang ",https://maps.app.goo.gl/y8iMoZtqY8CWg6XJ7,79
83,Eli Rina Hotel Hà Nội,29,ELI RINA HOTEL,1450000,Hà Nội,"Số 115 Nguyễn Khuyến, Phường Văn Miếu, Quận Đống Đa, Thành phố Hà Nội, Việt Nam",https://maps.app.goo.gl/4X9oFfruAm2Lbk7z8,80
84,Vanda Hotel Đà Nẵng,114,CÔNG TY TNHH BINITIS,1400000,Đà Nẵng,"03 Nguyễn Văn Linh, Đà Nẵng, Việt Nam",https://maps.app.goo.gl/HXmZnkWJz6ZXafNA6,81
85,Angel Hotels Beach Đà Nẵng,1,Angel Hotels Beach Đà Nẵng,1000000,Đà Nẵng,"31 - 32 Đ. Ng. Thì Sĩ, Bắc Mỹ An, Ngũ Hành Sơn, Đà Nẵng, Việt Nam",https://maps.app.goo.gl/4QSt6HeAriramhJV6,82
86,Scenic Mountain Ecolodge Ninh Bình,40,Scenic Mountain Ecolodge Ninh Binh,1400000,Ninh Bình,"Khê Hạ, Hoa Lư, Ninh Bình",https://maps.app.goo.gl/pJsk6Ga5nPucAC7c8,83
87,Leaf Hotel Phú Quốc,29,Leaf Hotel Phú Quốc,700000,,"Suối Mây Cửa Lấp, Xã Dương Tơ, Thành phố Phú Quốc, Kiên Giang ",https://maps.app.goo.gl/j9yggJjUW8bm4iat7,84
88,Sol by Meliá Phú Quốc,284,Melia Hotels Internationl,2500000,Phú Quốc," Khu 1, Khu Du Lịch Đức Việt Khu phức hợp Bãi Trường, Xã Dương Tơ, Thành phố Phú Quốc, Kiên Giang",https://maps.app.goo.gl/5SRGm3veKxNAQiLf8,85
89,VinHolidays Fiesta Phú Quốc,687,Vinpearl Join Stock Company - Vingroup JSC,2000000,Phú Quốc," Khu Bãi Dài, Xã Gành Dầu, Thành phố Phú Quốc, Kiên Giang",https://maps.app.goo.gl/JyvjNPpwzPy8GSTQA,86
90,The Nalod Đà Nẵng,250,Nhà Khách Quốc Hội tại Đà Nẵng,1600000,Đà Nẵng,"192 Võ Nguyên Giáp, Phước Mỹ, Sơn Trà, Đà Nẵng",https://maps.app.goo.gl/52sdcD1qRADt2imq6,87
91,Tahiti Central Hotel Phú Quốc,85,Tahiti Central Hotel Phú Quốc,1000000,Phú Quốc,"Số 51 - 53 Đường Trần Hưng Đạo, Phường Dương Đông, Thành phố Phú Quốc, Kiên Giang",https://maps.app.goo.gl/UouPQYa4WxPEwfcA7,88
92,The Tahiti Beach Hotel Phú Quốc,95,The Tahiti Beach Hotel Phú Quốc,1500000,Phú Quốc,"92A Trần Hưng Đạo, Dương Đông, Thành phố Phú Quốc, tỉnh Kiên Giang",https://maps.app.goo.gl/Brp2tfRNnx7pRAyy6,89
93,Tahiti Resort Phú Quốc,70,Tahiti Resort Phú Quốc,1400000,Phú Quốc,"90 - 92 Trần Hưng Đạo, Phường Dương Đông, Thành phố Phú Quốc, Kiên Giang",https://maps.app.goo.gl/8vtCgCfaEXNtbsuCA,90
94,KOI Resort & Residence Đà Nẵng,135,CÔNG TY CỔ PHẦN DU LỊCH HOÀNG CƯỜNG,3500000,Đà Nẵng,"11 Trường Sa, Hoà Hải, Ngũ Hành Sơn, Đà Nẵng",https://maps.app.goo.gl/9hAbZB58FV5j4YyG7,91
95,M Village Phú Quốc,77,M Group,1300000,Phú Quốc,"169 - 189 Trần Hưng Đạo, Xã Dương Tơ, Thành phố Phú Quốc, Kiên Giang",https://maps.app.goo.gl/kWC8eUQTzR9t4dCJ8,79
96,Crowne Plaza Phú Quốc Starbay ,308,CROWNE PLAZA,2500000,Phú Quốc,"Bãi Dài, Xã Gành Dầu, Thành phố Phú Quốc, Kiên Giang",https://maps.app.goo.gl/JwdRrTBV6pv9cb5D7,92
97,G8 Luxury Hotel and Spa Đà Nẵng,120,G8 Luxury Hotel and Spa Đà Nẵng,1200000,Đà Nẵng,"59 Lê Duẩn, Quận Hải Châu, Đà Nẵng, Việt Nam",https://maps.app.goo.gl/k3FELMYXEcEBQjcw6,93
98,Estrella Boutique Hotel Đà Nẵng,50,Công Ty Cổ Phần Tổng Hợp Sao Biển,1000000,Đà Nẵng,"145 Nguyễn Văn Thoại, An Hải Đông, Sơn Trà, Đà Nẵng",https://maps.app.goo.gl/hmjqbKot6iWcgKJS6,94
99,Amarin Resort & Spa Phú Quốc,96,AMARIN RESORT & SPA,3680000,Phú Quốc,"Trần Hưng Đạo, Xã Dương Tơ, Thành phố Phú Quốc, Kiên Giang ",https://maps.app.goo.gl/cePc2raqFc2sdiko6,95
100,Sunset Beach Resort & Spa Phú Quốc,117, Sunset Beach Resort & Spa,3400000,Phú Quốc," 100/C2 Trần Hưng Đạo, Thị trấn Dương Đông, Thành phố Phú Quốc, Kiên Giang ",https://maps.app.goo.gl/jmnwJE8gfYzrYzbA9,96
101,Mandila Beach Hotel Đà Nẵng,130,Khách sạn Mandila Beach Đà Nẵng.,1300000,Đà Nẵng,"218 Võ Nguyên Giáp, Phước Mỹ, Sơn Trà, Đà Nẵng, Việt Nam",https://maps.app.goo.gl/Qp6MPKV7722CJNMd6,97
102,Rock Mila Phú Quốc Hotel,50,Rock Mila Phú Quốc Hotel,1200000,Phú Quốc,"63/7 Trần Hưng Đạo, Thị trấn Dương Đông, Thành phố Phú Quốc, Kiên Giang",https://maps.app.goo.gl/6iHxfanDgs3qFJDb9,98
103,L'Azure Resort & Spa Phú Quốc,62,L'Azure Resort & Spa Phú Quốc,3000000,Phú Quốc,"64 Trần Hưng Đạo, phường Dương Đông, Thành phố Phú Quốc, Kiên Giang ",https://maps.app.goo.gl/AjqJyYHmakjxxwdB9,99
104,7 Seven Sea Hotel Đà Nẵng,133,Công Ty TNHH Thương Mại Dịch Vụ và Du Lịch Lý Bằng,1700000,Đà Nẵng,"150 Võ Nguyên Giáp, Phước Mỹ, Sơn Trà, Đà Nẵng, Việt Nam",https://maps.app.goo.gl/3MPFwDZQu8tvAFPMA,100
105,Test GG Map,1,ok,2650000,,123 cầu giấy,https://maps.app.goo.gl/7z4ydn8cDddHW1hq8,101
106,Ocean Bay Resort & Spa Phú Quốc,117,CÔNG TY TRÁCH NHIỆM HỮU HẠN MỘT THÀNH VIÊN OCEAN HOUSE  PHÚ QUỐC,2400000,Phú Quốc,"Trần Hưng Đạo, Xã Dương Tơ, Thành phố Phú Quốc, Kiên Giang",https://maps.app.goo.gl/cyaaNA7gEMqfj5Br6,102
107,Đà Nẵng Mikazuki,342,Tập đoàn Khách sạn Mikazuki ,2500000,Đà Nẵng,"Nguyễn Tất Thành, Hoà Hiệp Nam, Liên Chiểu, Đà Nẵng",https://maps.app.goo.gl/re6PYnxDooq39zLVA,103
108,Grand Ocean Bay Resort Phú Quốc,144,CÔNG TY TRÁCH NHIỆM HỮU HẠN MỘT THÀNH VIÊN OCEAN HOUSE  PHÚ QUỐC,3000000,Phú Quốc,"Tổ 5, Ấp Ông Lang, Xã Cửa Dương, Huyện Phú Quốc, Tỉnh Kiên Giang",https://maps.app.goo.gl/FFkGAqs5ib6Xq3WM9,102
109,Lady Hill Sapa Resort,154,Lady Hill Sapa Resort,2950000,SAPA,"Số 4, Nguyễn Chí Thanh, Fansipan, Sapa",https://maps.app.goo.gl/rn8kSC8vyY1TuHPT8,104
110,Fusion Resort & Villas Đà Nẵng,300,Công ty TNHH Khách sạn và Biệt thự Nam Phát,6500000,Đà Nẵng,"1022 Trường Sa, Hoà Hải, Ngũ Hành Sơn, Đà Nẵng, Việt Nam",https://maps.app.goo.gl/4WNmwgiXehqnSyE26,105
111,Santa Garden Resort Phú Quốc,53,SANTA RESORT,1000000,Phú Quốc,"Tổ 1, Ấp Cửa Lấp, xã Dương Tơ, TP. Phú Quốc, Tỉnh Kiên Giang",https://maps.app.goo.gl/KNhLcJdqPJTHv56H9,106
112,Sapa Jade Hill Resort & Spa,66,CÔNG TY CP QUẢN LÝ DỊCH VỤ CAO CẤP ĐỒI NGỌC SA PA,2700000,SAPA," Tổ 3, Phường Cầu Mây, Sapa, Lao Cai",https://maps.app.goo.gl/WsV1vYmnECErZK6d9,107
113,Pao's Sapa Leisure Hote,223,CTX Holdings,2500000,SAPA,"Đường Mường Hoa, Tổ 1, Phường Cầu Mây, Thị Xã Sa Pa, Tỉnh Lào Cai",https://maps.app.goo.gl/qRUJN86g9dvZT3Si7,108
114,KK Sapa,186,CÔNG TY CỔ PHẦN KK SAPA,2500000,SAPA,"036 Đường Mường Hoa, Phường Sapa, Thị Xã Sapa, Tỉnh Lào Cai",https://maps.app.goo.gl/pHF4xj24m8gcTAMt9,109
115,Silk Path Grand Sapa Resort & spa,152,SILK PATH HOTELS & RESORTS,2800000,,"Đồi Quan 6, tổ 5, phường Sa Pa, thị xã Sa Pa, Lào Cai",https://maps.app.goo.gl/bF6GGmswJsz8M5EB8,110
116,Lahana Resort Phú Quốc,83,Công ty TNHH Ha Na Station Phú Quốc,2500000,Phú Quốc,"91/3 Đường Trần Hưng Đạo, Phường Dương Đông, Thành Phố Phú Quốc, Tỉnh Kiên Giang.",https://maps.app.goo.gl/mjWbBd5NQj5b9RtG8,111
117,Best Western Premier Sonasea Phú Quốc Resort ,566,Tập đoàn CEO,3000000,Bà Rịa - Vũng Tàu,"Khu tổ hợp du lịch Sonasea Villas và Resort, Tổ 5, Ấp Đường Bào, Xã Dương Tơ, Thành phố Phú Quốc, Tỉnh Kiên Giang.",https://maps.app.goo.gl/Aopuz2EDTc3MeU5f8,112
118,The Ocean Resort Đà Nẵng,300,VINACAPITAL DANANG RESORT LIMITED,2800000,Đà Nẵng,"Trường Sa, Hoà Hải, Ngũ Hành Sơn, Đà Nẵng, Việt Nam",https://maps.app.goo.gl/FMRE56XCvB2GqHEH9,113
119,Bauhinia Resort & Spa Phú Quốc,39,BAUHINIA RESORT  PHU QUOC,1000000,Phú Quốc,"Ngõ 91 đường Trần Hưng Đạo, Khu phố 7, thị trấn Dương Đông, Phú Quốc, Kiên Giang",https://maps.app.goo.gl/k7b7dndumgA75FCZ6,114
120,Furama Resort Đà Nẵng,1,CÔNG TY CỔ PHẦN KHU DU LỊCH BẮC MỸ AN,4500000,Đà Nẵng,"105 Võ Nguyên Giáp, Khuê Mỹ, Ngũ Hành Sơn, Đà Nẵng, Việt Nam",https://maps.app.goo.gl/egf417uLRK1gLp8s7,115
121,Delasol Phát Linh Sapa,65,KHÁCH SẠN DELASOL PHAT LINH SAPA,1550000,SAPA,"Số nhà 16, đường Mường Hoa, phường Sapa, Thị xã Sapa, Tỉnh Lào Cai,",https://maps.app.goo.gl/SgsoEKcFHsGs7FEh7,116
122,PISTOCHIO Hotel Sapa,106,CHI NHÁNH CÔNG TY TNHH ĐẦU TƯ XÂY DỰNG ĐỨC TUẤN-KS PISTACHIO,2000000,,"""Số 29, tổ 5 đường Thác Bạc, thị xã Sapa , Tỉnh Lào Cai""",https://maps.app.goo.gl/x1Tz9aXNWkh9YZeDA,117
123,Sapa Cat Cat Hills Resort & Spa   ,60,Sapa Cat Cat Hills Resort & Spa   ,2500000,,"86 Fansipan, Sapa, Lao Cai",https://maps.app.goo.gl/eyGw6F7Ektu3CBVC6,118
124,Shilla Monogram Quangnam Đà Nẵng,309,CÔNG TY TNHH QUÊ VIỆT - QUẢNG NAM,4500000,Đà Nẵng,"Lạc Long Quân, Điện Ngọc, Điện Bàn, Quảng Nam, Việt Nam",https://maps.app.goo.gl/2mHPxkZrbFLf3Cq76,119
125,Andochine Resort & Spa Phú Quốc,32,CÔNG TY TNHH MTV DỊCH VỤ DU LỊCH ĐẠI DƯƠNG XANH,4500000,Phú Quốc,"Đường Bào, Xã Dương Tơ, Thành phố Phú Quốc, Tỉnh Kiên Giang",https://maps.app.goo.gl/qUhLsUso4PZkc78g6,120
126,Amazing Hotel Sapa,81,Amazing Hotel Sapa,2100000,SAPA,"Tổ 7A Phố Đồng Lợi, Phường Sa Pa, Huyện Sa Pa, ",https://maps.app.goo.gl/RdAwCMWUTwP3pRoc8,121
127,Bamboo Hotel Sapa,106,Bamboo Hotel Sapa,1800000,SAPA,"Số 018 đường Mường Hoa, Thị Xã Sapa, Tỉnh Lào Cai.",https://maps.app.goo.gl/qmJdCo7sNhV3V4Ge8,122
128,My Gallery Boutique Sapa Hotel,1,My Gallery Boutique Sapa Hotel,1690000,,"069B Mường Hoa, Sapa, Lào Cai",https://maps.app.goo.gl/Q3NWAjjGzZxmQME68,123
129,Grand Flamant Sapa Hotel,26,Công ty TNHH Tuấn Tú,1000000,,"368 Điện Biên Phủ, Sapa, Lào Cai",https://maps.app.goo.gl/ggG1P4yEJwDKkzJ3A,124
130,Mường Thanh Sapa,96,Mường Thanh Sapa,1300000,,"Số 44, Đường Ngũ Chỉ Sơn, Phường Sa Pa, Thị xã Sa Pa,",https://maps.app.goo.gl/EHbyLbSCiaKi6tgJ9,125
131,Sapa Nature View Hotel,40,Sapa Nature View Hotel,1000000,SAPA,061 Fansipan - Sapa - Lào Cai,https://maps.app.goo.gl/BJFJficgHeFNgLsH6,126
132,My Boutique Sapa Hotel,40,My Boutique Sapa Hotel,1450000,SAPA,"049A Mường Hoa, Sapa, Lào Cai",https://maps.app.goo.gl/owoAYQFNngYbXtuA7,127
133,Elegant Boutique Hotel,30,ELEGANT BOUTIQUE HOTEL,1200000,Hạ Long,"E368 Sun Premier Village, Phường Bãi Cháy, Thành phố Hạ Long, Tỉnh Quảng Ninh",https://maps.app.goo.gl/qZrRy2jmg2zLf3Jw5,128
134,Sun Hạ Long,35,Sun Hạ Long,850000,Hạ Long,"Tùng Dương 1-05,06,07,Sun Premier Village Ha Long Bay, Hạ Long, Bãi Cháy, Thành phố Hạ Long,",https://maps.app.goo.gl/XZtEU5iMKbMPRyes9,129
135,Essence Hotel Hạ Long,30,Essence Hotel Hạ Long,1100000,Quảng Ninh,"HD7- 35 , Đường Châu Mỹ, Phường Bãi Cháy, Tp Hạ Long , Quảng Ninh, Việt Nam.",https://maps.app.goo.gl/1EzJnhAGoLJsrfmp9,130
136,KL Hotel Hạ Long,48,KL Hotel Hạ Long,1150000,Quảng Ninh,"Đường Cô tô 2, Hùng Thắng, Hạ Long",https://maps.app.goo.gl/fhbcGRkmLobdmMTc7,131
137,Silk Path Grand Huế Resort & spa,198,Silk Path Grand Huế Resort & spa,3000000,Thừa Thiên Huế,"Số 2 Lê Lợi , Vinh Ninh, Huế",https://maps.app.goo.gl/LLdTjE4HRR1eZZNfA,132
138,Melia Vinpearl Huế,213,Vinpearl Hue,2350000,Thừa Thiên Huế,"50A đường Hùng Vương, phường Phú Nhuận, Thành phố Huế",https://maps.app.goo.gl/6kFhLvBLdAAUu9EM7,133
139,Thiên Thanh Phú Quốc Resort,181,CÔNG TY TNHH THIÊN THANH -THIÊN THANH PHÚ QUỐC RESORT,1700000,Phú Quốc,"78 Trần Hưng Đạo, Khu Phố 7, Dương Đông, Thành phố Phú Quốc ,Tỉnh Kiên Giang.",https://maps.app.goo.gl/AWkVLuVHdTz2JEV37,134
140,Camia Resort & Spa Phú Quốc,55,CÔNG TY TNHH MỘT THÀNH VIÊN HOA TRÀ PHÚ QUỐC,1800000,Phú Quốc," Tổ 3, Ấp Ông Lang, Xã Cửa Dương, Thành Phố Phú Quốc, Tỉnh Kiên Giang",https://maps.app.goo.gl/FZAvNyVtkmXDfZmj9,135
141,Brenta Phú Quốc Hotel,57,CÔNG TY TNHH MTV PHỤNG LÂN AN - BRENTA PHU QUOC HOTEL,1000000,Phú Quốc,"Hẻm 118 Trần Hưng Đạo, Tổ 8, Khu phố 7, Phường Dương Đông, Thành phố Phú Quốc.",https://maps.app.goo.gl/qqQ9gaqU6Vfx8yng7,136
142,Aquasun Hotel Phú Quốc,108,Aquasun Hotel Phú Quốc,1300000,Phú Quốc,"Hẻm 124, Đường Trần Hưng Đạo, Phường Dương Đông, Thành phố Phú Quốc, Tỉnh Kiên Giang",https://maps.app.goo.gl/AbkEWUpYiYuDnqTY6,137
143,Century Riverside Huế,138,Century Riverside Hue,1100000,Thừa Thiên Huế,"49 Lê Lợi, Phú Hội, Huế, Thừa Thiên Huế",https://maps.app.goo.gl/FBE8QfrnhEft2KuR6,138
144,Eldora Hotel Huế,50,Eldora Hotel Hue,1550000,Thừa Thiên Huế,"60 Bến Nghé, Phú Hội, Thành phố Huế, Thừa Thiên Huế",https://maps.app.goo.gl/fUqi4vtqWKjeMobT9,139
145,Emm Hotel Huế,40,EMM HOTEL HUE,1500000,Thừa Thiên Huế,"15 Lý Thường Kiệt, Phú Nhuận, Thành phố Huế, Thừa Thiên Huế",https://maps.app.goo.gl/VQsk1GdaNbiHZ8qe9,140
146,Jasmine Huế,40,Jasmine Huế,950000,Thừa Thiên Huế,"8-10 Chu Văn An, Phú Hội, Thành phố Huế, Thừa Thiên Huế",https://maps.app.goo.gl/cQoaNfZ6bpdn8b618,141
147, Baly Hotel & Spa Huế,40, Baly Hotel & Spa Hue,100000,Thừa Thiên Huế,"181 Bà Triệu, Phường Xuân Phú, Thành phố Huế",https://maps.app.goo.gl/UNhKyn9KSWyw7Qq26,142
148,Mercury Phú Quốc Resort & Villas,152,CÔNG TY CỔ PHẦN ĐẦU TƯ DU LỊCH QUÝ HẢI PHÚ QUÔC,2000000,Phú Quốc,"Tổ 1, Ấp Dương Tơ, Xã Dương Tơ, Thành phố Phú Quốc, Tỉnh Kiên Giang",https://maps.app.goo.gl/GTLotfNmgRcvjSGa9,143
149,Nesta Phú Quốc Hotel,64,Nesta Hotel Group,900000,Phú Quốc,"100C/2 Trần Hưng Đạo, Phường Dương Đông, Thành phố Phú Quốc, Tỉnh Kiên Giang",https://maps.app.goo.gl/2PtiNHNENJGsnPv59,144
150,An Phú Hotel Phú Quốc ,60,CÔNG TY TNHH AN PHÚ (AN PHÚ HOTEL),800000,Phú Quốc,"185 Đường 30/4, Thị Trấn Dương Đông, Thành Phố Phú Quốc, Tỉnh Kiên Giang",https://maps.app.goo.gl/DYmGySUmkBZa4xGz6,145
151,La Vela Huế,199,La Vela Huế Hotel,1650000,Thừa Thiên Huế,"17 Đường Số 22 Khu Đô Thị Mới Đông Nam Thủy An, Hương Thủy, Thừa Thiên Huế",https://maps.app.goo.gl/xYDr4dZZWUQ3ZnsY8,146
152,Huế Riverside Boutique Resort& Spa,40,CÔNG TY CỔ PHẦN VƯỜN XƯA,1350000,,"588 Bùi Thị Xuân, Thủy Biều, Huế, Thừa Thiên Huế",https://maps.app.goo.gl/Xb8fFb1ew12WHrfG7,147
153,Ninh Bình Legend Hotel ,268,Công Ty TNHH Khách Sạn Thuỳ Anh Ninh Bình Legend,1550000,Ninh Bình,"Đường Lê Thái Tổ,Khu Tiền Đồng - Phường Ninh Khánh –TP.Ninh Bình - Tỉnh Ninh Bình",https://maps.app.goo.gl/cmcKohNWmDTbHEvB9,148
154,The Reed Hotel Ninh Bình,140,The Reed Hotel Ninh Bình,1550000,Ninh Bình,"Đ. Đinh Điền, Đông Thành, Tp. Ninh Bình, Ninh Bình",https://maps.app.goo.gl/YgtMfkThAKrXtTF99,149
155,Lalita Boutique Hotel & Spa Ninh  Bình,35,Lalita Boutique Hotel & Spa Ninh Bình,1800000,Ninh Bình,"Ninh Thắng, Hoa Lư, Ninh Bình",https://maps.app.goo.gl/obzWk1tXVz2rNaV49,150
156,AVS Hotel Phú Quốc ,100,CÔNG TY TNHH AVS VIET NAM PHU QUOC - AVS HOTEL PHU QUOC,1350000,Phú Quốc,"100 C/2, Đường Trần Hưng Đạo, Thị Trấn Dương Đông, Thành Phố Phú Quốc, Tỉnh Kiên Giang",https://maps.app.goo.gl/YR6q9jDgKVysYRn28,151
157, Famiana Resort & Spa Phú Quốc,100,CÔNG TY TNHH PHƯƠNG ANH ĐỨC - FAMIANA RESORT & SPA PHU QUOC,3200000,Phú Quốc,"Ấp Cửa Lấp, Xã Dương Tơ, Phú Quốc",https://maps.app.goo.gl/RpXydYccUQohe9ap8,152
158,Chez Carole Resort Phú Quốc,42,CÔNG TY TNHH CAROLE,1000000,Phú Quốc," Phường 1, Ấp 4, Xã Cửa Cạn, Bãi Biển Ông Lang, Thành Phố Phú Quốc, Tỉnh Kiên Giang",https://maps.app.goo.gl/JzdW7ZiftYKZmM3m6,153
159,Mường Thanh Luxury Phú Quốc,276,Mường Thanh Hospitality,2000000,Phú Quốc,"Tổ 3, Ấp Đường Bào, Xã Dương Tơ,Thành Phố Phú Quốc, Tỉnh Kiên Giang",https://maps.app.goo.gl/w3Y9m51SepbqxUqd9,154
160,Gaia Phú Quốc Hotel,59,GAIA HOTEL PHU QUOC,900000,Phú Quốc,"71 Trần Hưng Đạo, khu phố 7, thị trấn Dương Đông, Phú Quốc",https://maps.app.goo.gl/iXRVNGWUcr9ruecTA,155
161,Serene Nature  Hotel & Spa Hội An,50, SHG - SHINING HOSPITALITY GROUP ,1100000,Hội An," 510 Trần Nhân Tông, Cẩm Thanh, Hội An, Quảng Nam",https://maps.app.goo.gl/iwMLJPpUm4MFBJ99A,156
162,EMM HOTEL HỘI AN,60,EMM HOTEL HỘI AN,1550000,Hội An,"187 Lý Thường Kiệt, Phường Cẩm Phô, Hội An, Quảng Nam",https://maps.app.goo.gl/uFajEUPihyXg6t4s5,157
163,Le Mint Hotel Quy Nhơn,41,Công ty TNHH Thương Mại Tổng Hợp Thanh Thảo (Le Mint Hotel),900000,Quy Nhơn,"01-03 Trần Khánh Dư, P. Nguyễn Văn Cừ, TP Quy Nhơn",https://maps.app.goo.gl/aJ1g61zttcpXb3aW8,158
164,Mento Hotel Quy Nhơn,50,Mento Hotel Quy Nhơn,800000,Quy Nhơn,"411 Đường Nguyễn Huệ, Phường Trần Phú, Thành phố Quy Nhơn, Tỉnh Bình Định",https://maps.app.goo.gl/QskAni7JQrtPg3sv6,159
165,Canary Gold Hotel Quy Nhơn,110,CÔNG TY TNHH DỊCH VỤ - KHÁCH SẠN CANARY,1200000,Quy Nhơn,"94 Xuân Diệu, Phường Hải Cảng, Thành phố Quy Nhơn, Bình Định ",https://maps.app.goo.gl/CV5xww7Xv4p3CZUy7,160
166,Citadines Pearl Hội An,581,Citadines Pearl Hội An,1800000,Đà Nẵng,"Khối phố An Bàng, phường Cẩm An, Thành Phố Hội An, tỉnh Quảng Nam",https://maps.app.goo.gl/xT7r58x8dbxvRaro9,161
167,Babylon Luxury Hotel & Spa Hội An ,120,HOI AN BABYLON LUXURY HOTEL & SPA,2100000,Hội An,"01-02 Cầu Hói Muống, Cẩm Châu, Hội An, Quảng Nam",https://maps.app.goo.gl/Mb5S54mW5WpmjUPD9,162
168,Rêu Boutique Hotel Hội An,60,CÔNG TY TNHH ĐẦU TƯ MINH LONG HỘI AN,2100000,Hội An," 128/9 Lý Thái Tổ, Sơn Phong, Hội An, Quảng Nam ",https://maps.app.goo.gl/7Cz8ZSnQkt8DiUcq7,163
169,Cozy Savvy Boutique Hotel Hội An,40,CÔNG TY TNHH ĐẦU TƯ HUY TẦM,1850000,Quảng Nam,"116 Đào Duy Từ, Phường Cẩm Phổ, Hội An, Quảng Nam",https://maps.app.goo.gl/Ucqd8caQiNRjsFur7,164
170,L'Amor Boutique Hotel Quy Nhơn,160,L’amor Boutique Hotel ,1200000,Quy Nhơn,"Số 1H1 Đường Nguyễn Thị Định, Thành phố Quy Nhơn, Tỉnh Bình Định",https://maps.app.goo.gl/fdLLq5uASghnFQYa8,165
171,Fleur De Lys Hotel Quy Nhơn,250,CÔNG TY CỔ PHẦN ĐỊA ỐC NAM VIỆT,1600000,Quy Nhơn,"Số 16 Đường Nguyễn Huệ, Phường Lê Lợi, Thành phố Quy Nhơn, Tỉnh Bình Định",https://maps.app.goo.gl/SxFeURnVBruLUiB36,166
172,Little Gem. An Eco - Friendly Boutique Hotel and Spa Hội An,50, Little Gem. An Eco-Friendly Boutique Hotel & Spa,2350000,Quảng Nam,"Hói Muống, Cẩm Châu, Hội An, Quảng Nam",https://maps.app.goo.gl/WX31zx7jk46h1uRy9,167
173,La Charm Hotel & Spa Hội An,70,CÔNG TY TNHH DU LỊCH VÀ THƯƠNG MẠI ANH-MẠNH LA CHARM HOI AN HOTEL & SPA,1350000,Hội An," 64 Đào Duy Từ, Phường Cẩm Phổ, Hội An, Quảng Nam",https://maps.app.goo.gl/B7wqGkSfGEdnVDBR6,168
174,Lucky Sun Hotel Nha Trang,106,Lucky Sun Hotel Nha Trang,800000,Nha Trang,"100/8B Trần Phú, Lộc Thọ, Thành Phố Nha Trang, Tỉnh Khánh Hòa",https://maps.app.goo.gl/Sp29xwfBb42stqeEA,169
175,Tropicana Resort Phú Quốc,53,CÔNG TY CỔ PHẦN MIỀN NHIỆT ĐỚI,1500000,Phú Quốc,"Số 100C/4 ,Đường Trần Hưng Đạo, Khu phố 7, Phường Dương Đông, Thành phố Phú Quốc, Tỉnh Kiên Giang",https://maps.app.goo.gl/SU56QdAZvMaC5tQMA,170
176,Phú Vân Resort & Spa Phú Quốc,60,Phú Vân Resort & Spa,800000,Phú Quốc,"126 Đường Trần Hưng Đạo, Khu Phố 7, Thị Trấn Dương Đông, Thành Phố Phú Quốc, Tỉnh Kiên Giang",https://maps.app.goo.gl/UGvs4JmG5czFARb48,171
177,Nagar Hotel Nha Trang ,171,CÔNG TY TNHH XÚC TIẾN DU LỊCH AN BÌNH,1500000,Nha Trang," 1i Quân Trấn, Phường Lộc Thọ, Thành Phố Nha Trang, Tỉnh Khánh Hòa",https://maps.app.goo.gl/eqoEHD4fv8X7UgSDA,172
178,Le Sands Oceanfront Đà Nẵng Hotel ,106,Le Sands Oceanfront Đà Nẵng Hotel ,1700000,Đà Nẵng," 28 Phố Võ Nguyên Giáp, Phường Mân Thái, Quận Sơn Trà, Thành phố Đà Nẵng",https://maps.app.goo.gl/bCXEGbpDh6okTzQ87,173
179,Bel - Air Hotel Quy Nhơn,19,Bel - Air Hotel Quy Nhơn,700000,Quy Nhơn," 05A-05B Võ Thị Yến, Phường  Nguyễn Văn Cừ, Thành phố Quy Nhơn, Tỉnh Bình Định",https://maps.app.goo.gl/kTTFy5SqNm2sYxYJ7,174
180,Sheraton Phú Quốc Long Beach Resort,750,Marriott International & Vinpearl,2200000,Phú Quốc," Bãi Dài, Xã Gành Dầu, Thành Phố Phú Quốc",https://maps.app.goo.gl/9iQJi15VKq8gBbh96,175
181,Gold Plaza Hotel Đà Nẵng,80,CHI NHÁNH CÔNG TY TNHH ĐẦU TƯ & DỊCH VỤ DU LỊCH PHÚC LONG,750000,Đà Nẵng,"11 Trần Thị Lý, Phường Hoà Cường Bắc, Quận Hải Châu, Thành phố Đà Nẵng",https://maps.app.goo.gl/hpW1YE1LrhLd5atYA,176
182,La Mer Resort Phú Quốc,33,CÔNG TY TNHH MTV HƯNG PHÚ QUỐC,1000000,Phú Quốc," 118/2/6 Đường Trần Hưng Đạo, Thị trấn Dương Đông, Thành phố Phú Quốc, Kiên Giang ",https://maps.app.goo.gl/Lw8XjXf3DtHHs67t5,177
183,Hương Việt Hotel Quy Nhơn ,111,CÔNG TY TNHH DỊCH VỤ VÀ DU LỊCH HƯƠNG VIỆT,1300000,Quy Nhơn," 102 Xuân Diệu, Phường Hải Cảng, Thành phố Quy Nhơn, Bình Định",https://maps.app.goo.gl/Kj1J1BnXm6k9EGXt5,178
184,Famiana Green Villa Phú Quốc,100,CÔNG TY TNHH PHƯƠNG ANH ĐỨC - FAMIANA GREEN VILLA,1400000,Phú Quốc,"Trần Hưng Đạo Ấp Cửa Lấp, Xã Dương Tơ, Thành phố Phú Quốc, Kiên Giang",https://maps.app.goo.gl/DVK8q5mKfpsQhLMZA,179
185,Odin Hotel Quy Nhơn,105,ODIN HOTEL QUY NHON,1600000,Quy Nhơn,"Số 06 Đường Trần Cao Vân, Phường Lê Lợi, Thành phố Quy Nhơn, Tỉnh Bình Định.",https://maps.app.goo.gl/CxhygsEu6tFyCPF5A,180
186,Hải Âu Quy Nhơn - Seagull Hotel Khu 11 Tầng,170,KHÁCH SẠN HẢI ÂU,1200000,Quy Nhơn," 489 An Dương Vương, Phường Nguyễn Văn Cừ, Thành phố Quy Nhơn, Bình Định",https://maps.app.goo.gl/SDZi5MEugtBzUDkQ9,181
187,Hải Âu Quy Nhơn - Seagull Hotel Khu 5 Tầng,170,KHÁCH SẠN HẢI ÂU,900000,Quy Nhơn," 489 An Dương Vương, Phường Nguyễn Văn Cừ, Thành phố Quy Nhơn, Bình Định",Triple,181
188,Aurora Villa & Resort Quy Nhơn,32,AURORA QUY NHƠN,1200000,Quy Nhơn,"Km15 QL1D, Phường Ghềnh Ráng, Thành phố Quy Nhơn, Bình Định ",https://maps.app.goo.gl/VVsgWxMtv4gJvWYd8,182
189,Malibu Vũng Tàu Hotel,204,Malibu Vũng Tàu Hotel,2100000,Bà Rịa - Vũng Tàu,"263 Lê Hồng Phong, Phường Thắng Tam, Bà Rịa - Vũng Tàu",https://maps.app.goo.gl/hHPzrGD9HxfnJTVS8,183
190,Pullman Vũng Tàu,356,Accor Group,2750000,Bà Rịa - Vũng Tàu,"15 Đường Thi Sách, Street, Vũng Tàu, Bà Rịa - Vũng Tàu",https://maps.app.goo.gl/9YyGnkcw4yGYYzqD6,184
191, Oyster Bay Hotel Vũmg Tàu,277, Oyster Bay Hotel Vũmg Tàu,1890000,Bà Rịa - Vũng Tàu,"82b Trần Phú, Phường 5, Vũng Tàu, Bà Rịa - Vũng Tàu",https://maps.app.goo.gl/M6ymh7fwAqwKYx9c8,185
192,Fusion Suites Vũng Tàu,170,CTY TNHH SERENITY HOLDING VIET NAM,3700000,Bà Rịa - Vũng Tàu,"2 Trương Công Định, Phường 1, Vũng Tàu, Bà Rịa - Vũng Tàu",https://maps.app.goo.gl/wfYGy9TxZnjHbEau7,186
193, Ibis Styles Vũng Tàu Hotel,250, Ibis Styles Vũng Tàu Hotel,1500000,Bà Rịa - Vũng Tàu," 117 Thùy Vân, Phường Thắng Tam, Thành phố Vũng Tàu",https://maps.app.goo.gl/VoR2nV5vy47nebny8,187
194,Grand Gosia Hotel Nha Trang,133,GRAND GOSIA HOTEL,1000000,Nha Trang,"10-12 Đường Trần Phú, Phường Vĩnh Nguyên, Thành Phố Nha Trang.",https://maps.app.goo.gl/zet3eQ8bA3HQJPrm6,188
195,Marina Bay Vũng Tàu Resort & Spa,100,Marina Bay Vũng Tàu Resort & Spa,2500000,Bà Rịa - Vũng Tàu,"115 Trần Phú, Phường 5, Thành phố Vũng Tàu, Bà Rịa - Vũng Tàu",https://maps.app.goo.gl/T7ET8ivDhvFY66hu7,189
196,BB Hotel Sapa,57,BB Group,1800000,SAPA,"Số 08 phố Cầu Mây, Thị trấn Sapa, Tỉnh Lào Cai.",https://maps.app.goo.gl/Yvii58je5LHYQ7sV6,190
197, Hôtel de L'Amour Tam Đảo,226,CÔNG TY TNHH DU LỊCH DỊCH VỤ TAM ĐẢO,3000000,Tam Đảo,"Khu Công Viên Trung Tâm, Thị trấn Tam Đảo, Huyện Tam Đảo, Vĩnh Phúc",https://maps.app.goo.gl/zEk2DjUfZfg4pZCs6,191
198,Le Palmier Hồ Tràm,56,CÔNG TY TNHH ĐẦU TƯ THƯƠNG MẠI DU LỊCH KIM SA,2000000,Bà Rịa - Vũng Tàu,"Ấp Hồ Tràm, xã Phước Thuận, huyện Xuyên Mộc, tỉnh Bà Rịa - Vũng Tàu",https://maps.app.goo.gl/iSBfupmoot9QLxsu8,192
199,Emerald Hồ Tràm Resort ,131,CÔNG TY CỔ PHẦN DU LỊCH THÀNH THÀNH CÔNG,2000000,Bà Rịa - Vũng Tàu,"Hồ Tràm, Xã Phước Thuận, Huyện Xuyên Mộc, Bà Rịa - Vũng Tàu",https://maps.app.goo.gl/tnUGemftcprFxkHLA,193
200,Best Western Premier Sapphire Hạ Long,1005,Best Western Premier Sapphire Halong,1950000,Hạ Long,"Tòa nhà S2,  Lô HH05, Khu dịch vụ cao cấp Bến Đoan, Phường Hồng Gai, Thành phố Hạ Long, Quảng Ninh ",https://maps.app.goo.gl/EwMvtZFifsQGRTEH8,194
201,IXORA Ho Tram By Fusion,164,The Grand Ho Tram ,3000000,Bà Rịa - Vũng Tàu,"Phước Thuận, Xã Bông Trang, Huyện Xuyên Mộc, Bà Rịa - Vũng Tàu",https://maps.app.goo.gl/Err8A9X5H5TS4KWC7,195
202, Đà Lạt Palace Heritage ,73,Đà Lạt Palace Heritage ,3100000,Đà Lạt,"02 Trần Phú, Phường 3, Thành phố Đà Lạt, Lâm Đồng",https://maps.app.goo.gl/qq2YtPmcE3wdgdxx6,196
203,Du Parc Hotel Đà Lạt,140,Du Parc Hotel Đà Lạt,1500000,Đà Lạt,"15 Đường Trần Phú, Phường 3, Thành phố Đà Lạt, tỉnh Lâm Đồng",https://maps.app.goo.gl/Rej4YP8iTGPtwePR9,197
204,MerPerle Đà Lạt Hotel,389,MerPerle Đà Lạt Hotel,2500000,Đà Lạt,"01 Hùng Vương, Phường 10, Thành phố Đà Lạt, Lâm Đồng ",https://maps.app.goo.gl/q8tv58MwkzC9Atji9,198
205,Roy Dala Hotel Đà Lạt,50,Roy Dala Hotel Đà Lạt,800000,Đà Lạt,"10A Nam Kỳ Khởi Nghĩa, Phường 1, Thành phố Đà Lạt, Lâm Đồng",https://maps.app.goo.gl/d8aKntWWuycQPH3R9,199
206,Akoya Saigon Central Hotel ,20,Akoya Saigon Central Hotel ,900000,TP. Hồ Chí Minh,"88 Lý Tự Trọng, Phường Bến Thành, Quận 1, Hồ Chí Minh",https://maps.app.goo.gl/EVEUdzuRsfoLbxgQA,200
207,Rosamia Hotel Đà Nẵng,208," 282 Võ Nguyên Giáp, Ngũ Hành Sơn, Đà Nẵng , Da Nang, ",2500000,Đà Nẵng," 282 Võ Nguyên Giáp, Ngũ Hành Sơn, Đà Nẵng , Da Nang, ",https://maps.app.goo.gl/xd6NtLygz65cPRE46,201
208,Cap Town Hotel Sài Gòn,57,Cap Town Hotel Sài Gòn,1450000,TP. Hồ Chí Minh,"28-30 Lê Anh Xuân, P. Bến Thành, Quận 1, Hồ Chí Minh",https://maps.app.goo.gl/iYgPYjk6BW2ayxpy5,202
209, Nikko Sài Gòn Hotel,334, Nikko Sài Gòn Hotel,3800000,TP. Hồ Chí Minh,"235 Nguyễn Văn Cừ, Quận 1, Thành phố Hồ Chí Minh",https://maps.app.goo.gl/ziBWb9rsraEh3yZ98,203
210,Mia Saigon Luxury Boutique Hotel,53,Mia Saigon Luxury Boutique Hotel,6000000,TP. Hồ Chí Minh,"Số 2-4 Đường Số 10, Phường An Phú, Quận 2, Hồ Chí Minh",https://maps.app.goo.gl/PZJjSiE7ZVD1E1aM8,204
211,Somerset Hồ Chí Minh Hotel,198,Somerset Hồ Chí Minh Hotel,2800000,Bà Rịa - Vũng Tàu,"8A Nguyễn Bỉnh Khiêm, Phường Đa Kao, Quận 1, Hồ Chí Minh",https://maps.app.goo.gl/qVknqo8ZvDaDzEnq6,205
212,An Lâm Retreats Saigon River,35,An Lâm Retreats Saigon River,4800000,Bình Dương,"21/4 Khu Phố Trung, Phường Vĩnh Phú, Thành Phố Thuận An, Tỉnh Bình Dương",https://maps.app.goo.gl/hfEm5xLqFZS34n29A,206
213,Eden Huế Hotel,39,Eden Huế Hotel,1000000,Thừa Thiên Huế,"11B Nguyễn Công Trứ, Phường Phú Hội, Thành phố Huế",https://maps.app.goo.gl/6zDdEfxCHjxZF7eo6,207
214,TTC Imperial Hotel Huế ,192,TTC Imperial Hotel Huế ,2000000,Thừa Thiên Huế,"08 Hùng Vương, Phường Phú Hội, Thành phố Huế",https://maps.app.goo.gl/8kCWb9vLSfQvcvMQ8,208
215,Melia Vinpearl Hotel Huế ,213,Melia Vinpearl Hotel Huế ,2500000,Thừa Thiên Huế,"50A, đường Hùng Vương, TP.Huế, tỉnh Thừa Thiên Huế",https://maps.app.goo.gl/N47jGfG8f3ehgj7V9,209
216,Mường Thanh Grand Gia Lai,160,Mường Thanh Grand Gia Lai,1500000,Gia Lai," 537 Hùng Vương, Phường Phù Đổng, Thành phố Pleiku, Gia Lai",https://maps.app.goo.gl/BpN9cYfvMQXvWrCTA,210
217,Golden Boutique Hotel Măng Đen ,62,Golden Boutique Hotel Măng Đen ,2300000,Kon Tum,"Lô biệt thự số 26 Nguyễn Du, Thị Trấn Măng Đen, Huyện Kon Plông, Kon Tum ",https://maps.app.goo.gl/4FYFbig8uhjF539HA,211
218,Stella Maris Beach Đà Nẵng,97,Stella Maris Beach Đà Nẵng,1500000,Đà Nẵng," 03 Võ Văn Kiệt, Phường Phước Mỹ, Quận Sơn Trà, Đà Nẵng",https://maps.app.goo.gl/KMJ4EwRrARtaToPMA,212
219,Ninh Bình Hidden Charm Hotel & Resort,98,Ninh Bình Hidden Charm Hotel & Resort,1850000,Ninh Bình,"Số 09, Khu du lịch Tam Cốc - Bích Động , Ninh Thắng, Hoa Lư, Ninh Bình",https://maps.app.goo.gl/6nmhv6ZQx43tjmbAA,213
220,Ninh Bình Legend Hotel,268,Ninh Bình Legend Hotel,1700000,Ninh Bình," 177 Lê Thái Tổ, Khu Tiến Đồng, P. Ninh Khánh, Ninh Bình",https://maps.app.goo.gl/o9rDVYQQn9uaVDEf6,214
