ship_id,block_id,data
1,1,Du thuyá»n Ä‘Æ°á»£c thiáº¿t káº¿ vá»›i phong cÃ¡ch sang trá»ng vÃ  truyá»n thá»‘ng
1,2,PhÃ²ng ngá»§ tiá»‡n nghi sang trá»ng mang phong cÃ¡ch Ã ÄÃ´ng Ä‘á»u cÃ³  bá»“n táº¯m cáº¡nh cá»­a kÃ­nh lá»›n view vá»‹nh
1,3,"Äáº·c biá»‡t hÆ¡n, du thuyá»n thiáº¿t káº¿ bá»ƒ bÆ¡i 4 mÃ¹a to rá»™ng lÃ  Ä‘á»‹a Ä‘iá»ƒm checkin yÃªu thÃ­ch cá»§a má»i du khÃ¡ch"
1,4,"Du thuyá»n cÃ³ nhiá»u lá»‹ch trÃ¬nh  2 ngÃ y 1 Ä‘Ãªm, 3 ngÃ y 2 Ä‘Ãªm vÃ   4 ngÃ y 3 Ä‘Ãªm cho nhá»¯ng ai muá»‘n 1 lá»‹ch trÃ¬nh dÃ i hÆ¡n trÃªn vá»‹nh Lan Háº¡"
2,1,LÃ  má»™t trong nhá»¯ng du thuyá»n 5 sao má»›i vÃ  sang trá»ng nháº¥t cho khÃ¡ch thÄƒm quan Vá»‹nh Lan Háº¡.
2,2,"Du thuyá»n Indochine Ä‘Æ°á»£c trang bá»‹ hai nhÃ  hÃ ng, quáº§y bar, sundeck rá»™ng rÃ£i vÃ  cabin sang trá»ng"
2,3,"Táº¥t cáº£ cÃ¡c cabins Ä‘Æ°á»£c thiáº¿t káº¿ vÃ  phÃ¹ há»£p vá»›i tá»›i tiÃªu chuáº©n quá»‘c táº¿, lÃ m ná»•i báº­t trang trÃ­ báº±ng gá»—, vá»›i cá»­a sá»•  lá»›n"
2,4,"Quáº§y bar trÃªn du thuyá»n cung cáº¥p cÃ¡c loáº¡i rÆ°á»£u khai vá»‹, rÆ°á»£u máº¡nh, cocktail, bia vÃ  cÃ¡c loáº¡i rÆ°á»£u vang háº£o háº¡ng Ä‘Æ°á»£c tuyá»ƒn chá»n tá»« kháº¯p nÆ¡i trÃªn tháº¿ giá»›i."
3,1,"Du thuyá»n Le Theatre Ä‘Æ°á»£c thiáº¿t káº¿ tinh vá»›i phong cÃ¡ch tá»‘i giáº£n, tinh táº¿ nhÆ°ng váº«n mang Ä‘áº­m phong cÃ¡ch hiá»‡n Ä‘áº¡i"
3,2,Thiáº¿t káº¿ nháº¹ nhÃ ng tinh táº¿ cá»§a phÃ²ng ngá»§ vá»›i Ä‘áº§y Ä‘á»§ cÃ¡c trang thiáº¿t bá»‹ hiá»‡n Ä‘áº¡i
3,3,"Du thuyá»n cÃ²n mang Ä‘áº¿n nhiá»u  hoáº¡t Ä‘á»™ng thá»ƒ thao dÆ°á»›i nÆ°á»›c, bao gá»“m chÃ¨o thuyá»n kayak, bÆ¡i lá»™i vÃ  cÃ¢u cÃ¡"
3,4,CÃ¹ng Ä‘áº¯m mÃ¬nh vÃ o phÃ²ng Äƒn sang trá»ng báº­c nháº¥t vÃ  thÆ°á»Ÿng thá»©c nhá»¯ng mÃ³n Äƒn tuyá»‡t háº£o tá»« tay vá»‹ Ä‘áº§u báº¿p tÃ i ba vá»›i du thuyá»n Le Theatre
4,1,Du thuyá»n Orchid Trendy lÃ  má»™t trong nhá»¯ngdu thuyá»n 5 sao sang trá»ng hiá»‡n Ä‘áº¡i vÃ  má»›i nháº¥t trÃªn vá»‹nh Háº¡ Long
4,2,"Cabin sang trá»ng rá»™ng rÃ£i vá»›i Ä‘áº§y Ä‘á»§ tiá»‡n nghi, táº¥t cáº£ cÃ¡c phÃ²ng Ä‘á»u cÃ³ ban cÃ´ng riÃªng vá»›i táº§m nhÃ¬n tuyá»‡t Ä‘áº¹p ra Vá»‹nh Háº¡ Long."
4,3,"NhÃ  hÃ ng vá»›i khÃ´ng Ä‘áº¹p cÅ©ng lÃ  nÆ¡i quÃ½ khÃ¡ch cÃ³ thá»ƒ gáº·p gá»¡ du khÃ¡ch kháº¯p tháº¿ giá»›i, hay dÃ¹ng cho há»™i tháº£o, há»™i nghá»‹,"
4,4,"Du thuyá»n lÃ  sá»± lá»±a chá»n lÃ½ tÆ°á»Ÿng cho gia Ä‘Ã¬nh, cáº·p Ä‘Ã´i hoáº·c nhÃ³m báº¡n bÃ¨"
5,1,"Du thuyá»n Milalux Ä‘Æ°á»£c thiáº¿t káº¿ vá»›i 20 cabin rá»™ng rÃ£i, nhÃ  hÃ ng , boong tÃ u rá»™ng cÅ©ng nhÆ° lÃ  phÃ²ng Spa"
5,2,"Du khÃ¡ch Ä‘Æ°á»£c thÆ°á»Ÿng thá»©c Ä‘á»“ Äƒn ngon, Ä‘Æ°á»£c káº¿t há»£p cáº£ phÆ°Æ¡ng Ä‘Ã´ng vÃ  mÃ³n Äƒn Viá»‡t Nam"
5,3,Tráº£i nghiá»‡m chÃ¨o thuyá»n kayak trong khu vá»±c hang luá»“n vÃ  táº­n hÆ°á»Ÿng váº» Ä‘áº¹p chÃ¢n thá»±c nháº¥t cá»§a vá»‹nh Háº¡ Long
5,4,Du khÃ¡ch sáº½ táº­n hÆ°á»Ÿng cáº£m giÃ¡c áº¥m Ã¡p vÃ  thoáº£i mÃ¡i cÅ©ng nhÆ° nhá»¯ng cáº£m giÃ¡c thá»±c sá»± tráº£i nghiá»‡m trÃªn vá»‹nh Háº¡ Long -kÃ¬  quan thiÃªn nhiÃªn tháº¿ giá»›i.
6,1,"Du thuyá»n má»›i vÃ  sang trá»ng nháº¥t á»Ÿ Vá»‹nh Háº¡ Long, táº¥t cáº£ cÃ¡c cabin Ä‘á»u cÃ³ hÃ nh lang Ä‘á»ƒ du khÃ¡ch cÃ³ thá»ƒ ngáº¯m cáº£nh hÃ²a mÃ¬nh vÃ o Vá»‹nh"
6,2,"Du thuyá»n 5 sao má»›i vÃ  sang trá»ng nháº¥t á»Ÿ vá»‹nh háº¡ long cÃ³ cáº¥u trÃºc vá» thÃ©p káº¿t há»£p kiá»ƒu dÃ¡ng Ä‘Æ°Æ¡ng Ä‘áº¡i, trang thiáº¿t bá»‹ hiá»‡n Ä‘áº¡i"
6,3,"Sá»Ÿ há»¯u quáº§y bar piano, spa, dá»‹ch vá»¥ quáº£n gia vÃ  vÃ´ vÃ n lá»±a chá»n thÆ°á»Ÿng thá»©c áº©m thá»±c"
6,4,Du thuyá»n Paradise Elegance há»©a háº¹n Ä‘em tá»›i nhá»¯ng tráº£i nghiá»‡m áº¥n tÆ°á»£ng khÃ³ quÃªn cÃ¹ng nhá»¯ng chuyáº¿n du ngoáº¡n lÃ m hÃ i lÃ²ng du khÃ¡ch.
7,1,Du thuyá»n Paradise Peak lÃ  tÃ u gá»— thuá»™c Ä‘á»™i tÃ u cá»§a Táº­p Ä‘oÃ n Paradise Háº¡ Long.
7,2,Du thuyá»n cÃ³ sá»‘ lÆ°á»£ng cabin nhá» nhÆ°ng diá»‡n tÃ­ch má»—i cabin khÃ¡ rá»™ng rÃ£i vÃ  Ä‘áº§y Ä‘á»§ cÃ¡c trang thiáº¿t bá»‹ phÃ²ng nghá»‰.
7,3,"CÃ¡c khu vá»±c khÃ¡c trÃªn tÃ u Ä‘áº£m báº£o sá»± thoáº£i mÃ¡i du khÃ¡ch nhÆ°: nhÃ  hÃ ng, spa, boong tÃ u thoÃ¡ng Ä‘Ã£ng."
7,4,Lá»‹ch trÃ¬nh truyá»n thá»‘ng cá»§a du thuyá»n cháº¡y theo tuyáº¿n Háº¡ Long sáº½ Ä‘Æ°a du khÃ¡ch tham quan cÃ¡c Ä‘iá»ƒm du lá»‹ch ná»•i tiáº¿ng
8,1,"Du thuyá»n Ä‘áº§y Ä‘á»§ tiá»‡n Ã­ch, ná»™i tháº¥t hiá»‡n Ä‘áº¡i vÃ  Ä‘áº³ng cáº¥p, cabin rá»™ng rÃ£i cÃ³ ban cÃ´ng riÃªng vá»›i cá»­a sá»• lá»›n vÃ  phÃ²ng táº¯m riÃªng"
8,2,Du khÃ¡ch Ä‘Æ°á»£c thÆ°á»Ÿng thá»©c nhá»¯ng bá»¯a Äƒn ngon táº¡i nhÃ  hÃ ng & Quáº§y bar sang trá»ng vá»›i táº§m nhÃ¬n toÃ n cáº£nh Vá»‹nh Háº¡ Long.
8,3,Thiáº¿t káº¿ cabin rá»™ng rÃ£i cÃ³ ban cÃ´ng riÃªng vá»›i cá»­a sá»• lá»›n vÃ  phÃ²ng táº¯m riÃªng
8,4,"CÃ¡c dá»‹ch vá»¥ tiá»‡n Ã­ch dá»‹ch vá»¥ nhÃ  hÃ ng, Gym, Spa, Massage vÃ   phÃ²ng táº­p thá»ƒ dá»¥c vÃ  Ä‘iá»u trá»‹ spa trÃªn tÃ u"
9,1,"Du thuyá»n tiÃªu chuáº©n 5 sao vá»›i lá»‹ch trÃ¬nh Ä‘a dáº¡ng, cÃ¢n Ä‘á»‘i  KhÃ¡m phÃ¡ tuyáº¿n Ä‘Æ°á»ng ""váº¯ng khÃ¡ch"" cá»§a Vá»‹nh Lan Háº¡"
9,2,"Du thuyá»n qua vÃ¹ng biá»ƒn Ä‘áº§y mÃª hoáº·c nÃ y, khÃ¡m phÃ¡ nhá»¯ng hang Ä‘á»™ng áº©n, vÃ  tháº£ giÃ³ trÃªn nhá»¯ng bÃ£i biá»ƒn cÃ¡t"
9,3,"Thiáº¿t káº¿ phÃ²ng thÃ´ng nhau mang láº¡i cáº£m giÃ¡c gáº§n gÅ©i,áº¥m cÃºng cho cÃ¡c gia Ä‘Ã¬nh vÃ  nhÃ³m báº¡n"
9,4,Äáº¯m chÃ¬m trong váº» Ä‘áº¹p hoang sÆ¡ bÃªn vá»‹nh Lan Háº¡ cÃ¹ng Du thuyá»n nghá»‰ dÆ°á»¡ng mang thÆ°Æ¡ng hiá»‡u La Pandora
10,1,Du thuyá»n Orchid Premium lÃ  dÃ²ng sáº£n pháº©m má»›i nháº¥t vÃ  sang trá»ng nháº¥t cá»§a Táº­p Ä‘oÃ n Pelican ná»•i tiáº¿ng
10,2,"Du thuyá»n vá»›i thiáº¿t káº¿ sang trá»ng, Ä‘áº³ng cáº¥p, trang thiáº¿t bá»‹ hiá»‡n Ä‘áº¡i Ä‘áº£m báº£o an toÃ n tuyá»‡t Ä‘á»‘i"
10,3,"Du khÃ¡ch sáº½ Ä‘Æ°á»£c thÆ°á»Ÿng thá»©c áº©m thá»±c phong phÃº, Ä‘á»™c Ä‘Ã¡o, sá»± káº¿t há»£p hoÃ n háº£o giá»¯a phong cÃ¡ch chÃ¢u Ã vÃ  chÃ¢u Ã‚u"
10,4,"Vá»›i hÃ nh trÃ¬nh tham quan Ä‘á»™c Ä‘Ã¡o, tham quan nhá»¯ng Ä‘á»‹a Ä‘iá»ƒm Ä‘áº¹p nháº¥t trÃªn vá»‹nh Lan Háº¡"
11,1,LÃ  má»™t trong nhá»¯ng du thuyá»n thuá»™c phÃ¢n khÃºc du thuyá»n sang trá»ng á»Ÿ Vá»‹nh Lan HÃ  CÃ¡t BÃ 
11,2,HÃ nh trÃ¬nh má»›i láº¡: khÃ¡m phÃ¡ vá»‹nh Lan Háº¡ hoang sÆ¡ vÃ  Ä‘áº£o CÃ¡t BÃ  vá»›i nhiá»u hoáº¡t Ä‘á»™ng Ä‘a dáº¡ng
11,3,Vá»›i nhiá»u tiá»‡n nghi: phÃ²ng Spa rá»™ng nháº¥t vá»›i Ä‘a dáº¡ng cÃ¡c liá»‡u phÃ¡p tuyá»‡t vá»i
11,4,Paradise Grand há»©a háº¹n sáº½ táº¡o ra má»™t chuyáº¿n Ä‘i vÃ´ cÃ¹ng xa hoa Ä‘áº¿n vá»‹nh Lan HÃ  huyá»n bÃ­ vÃ  yÃªn tÄ©nh - má»™t váº» Ä‘áº¹p quyáº¿n rÅ© khÃ¡c giá»¯a Di sáº£n
12,1,"Du thuyá»n Genesis Regal cÃ³ kiáº¿n trÃºc tÃ¢n cá»• Ä‘iá»ƒn PhÃ¡p â€“ ÄÃ´ng DÆ°Æ¡ng mang tá»›i má»™t khÃ´ng gian áº¥m cÃºng, sang trá»ng, tinh táº¿."
12,2,Háº£i trÃ¬nh 2 ngÃ y 1 Ä‘Ãªm Ä‘Æ°a du khÃ¡ch tham quan vá»‹nh Háº¡ Long vÃ  vá»‹nh Lan Háº¡.
12,3,"Du khÃ¡ch sáº½ cÃ³ cÆ¡ há»™i tÃ¬m hiá»ƒu vá» vÄƒn hÃ³a,  Ä‘á»i sá»‘ng Ä‘á»‹a phÆ°Æ¡ng vÃ  cÃ³ cÃ¡c hoáº¡t Ä‘á»™ng vui chÆ¡i thÃº vá»‹ nhÆ° bÆ¡i lá»™i, khÃ¡m phÃ¡ hang Ä‘á»™ng."
12,4,"TrÃªn tÃ u phá»¥c vá»¥ Ä‘á»“ uá»‘ng thÆ°á»£ng háº¡ng Ä‘Æ°á»£c nháº­p kháº©u tá»« Ão, Hungary, Chileâ€¦"
13,1,"Du thuyá»n Ambassador ná»•i tiáº¿ng lÃ  má»™t trong nhá»¯ng du thuyá»n sang trá»ng vÃ  lá»›n nháº¥t vá»‹nh Háº¡ Long, Ambassador cÅ©ng lÃ  du thuyá»n duy nháº¥t cÃ³ thang mÃ¡y."
13,2,"Du thuyá»n lá»›n vá»›i 46 cabin trÃªn tÃ u, du khÃ¡ch sáº½ bá»‹ choÃ¡ng ngá»£p bá»Ÿi thiáº¿t káº¿ tinh táº¿ vÃ  hiá»‡n Ä‘áº¡i."
13,3,"Chuyáº¿n nghá»‰ dÆ°á»¡ng sang cháº£nh vá»›i cÃ¡c dá»‹ch vá»¥ nhÆ° ngÃ¢m mÃ¬nh trong bá»ƒ sá»¥c Jacuzzi lá»™ thiÃªn, thÆ° giÃ£n massages, check in vá»›i chiáº¿c cáº§u kÃ­nh vÃ  thÆ°á»Ÿng thá»©c áº©m thá»±c Ã- Ã‚u chuáº©n sao Michelin."
13,4,Du thuyá»n cháº¡y trÃªn háº£i trÃ¬nh truyá»n thá»‘ng Ä‘Æ°a báº¡n tham quan nhá»¯ng Ä‘á»‹a Ä‘iá»ƒm ná»•i tiáº¿ng cá»§a vá»‹nh Háº¡ Long nhÆ° Ä‘áº£o Titop vÃ  tham quan hang Sá»­ng Sá»‘t.
14,1,Du thuyá»n Mila mang phong cÃ¡ch hiá»‡n Ä‘áº¡i káº¿t há»£p vá»›i nÃ©t cá»• Ä‘iá»ƒn Ã ÄÃ´ng
14,2,CÃ¡c phÃ²ng nghá»‰ cá»§a du thuyá»n Ä‘á»u gá»“m Ä‘áº§y Ä‘á»§ cÃ¡c thiáº¿t bá»‹ vÃ  ná»™i tháº¥t hiá»‡n Ä‘áº¡i
14,3,"Du thuyá»n Mila vá»›i hÃ nh trÃ¬nh khÃ¡m phÃ¡ Vá»‹nh Háº¡ Long, Ä‘Æ°a du khÃ¡ch Ä‘áº¿n cÃ¡c Ä‘iá»ƒm tham quan ná»•i tiáº¿ng nhÆ° Ä‘áº£o Titop, hang Sá»­ng Sá»‘t."
14,4,NhÃ  hÃ ng trÃªn du thuyá»n sáº½ phá»¥c vá»¥ du khÃ¡ch cÃ¡c chÃ­nh theo phong cÃ¡ch Ã-Ã‚u káº¿t há»£p vÃ  ngon miá»‡ng
15,1,"Cung cáº¥p khÃ´ng chá»‰ má»™t dá»‹ch vá»¥ du lá»‹ch sang trá»ng Ä‘áº¡t tiÃªu chuáº©n an toÃ n cao nháº¥t mÃ  cÃ²n lÃ  tráº£i nghiá»‡m hoÃ n toÃ n Ä‘á»™c Ä‘Ã¡o vá»›i má»™t hÃ nh trÃ¬nh nghiÃªn cá»©u ká»¹ lÆ°á»¡ng, dá»‹ch vá»¥ chu Ä‘Ã¡o,..."
15,2,"LÃ  má»™t trong nhá»¯ng du thuyá»n cÃ³ bá»ƒ bÆ¡i rá»™ng vÃ  Ä‘áº¹p nháº¥t vá»‹nh Háº¡ Long, vá»‹nh Lan Háº¡ Ä‘Æ°á»£c du khÃ¡ch yÃªu thÃ­ch check-in nhiá»u nháº¥t!"
15,3,CÃ¡c phÃ²ng cÃ³ trang thiáº¿t bá»‹ sang trá»ng rá»™ng rÃ£i vá»›i Ä‘áº§y Ä‘á»§ tiá»‡n nghi vÃ  view rá»™ng toÃ n cáº£nh vá»‹nh ráº¥t Ä‘áº¹p.
15,4,"Du thuyá»n Ä‘em Ä‘áº¿n má»™t tráº£i nghiá»‡m hoÃ n toÃ n Ä‘á»™c Ä‘Ã¡o vá»›i má»™t hÃ nh trÃ¬nh Ä‘Æ°á»£c nghiÃªn cá»©u cáº©n tháº­n, dá»‹ch vá»¥ chu Ä‘Ã¡o, ..."
16,1,"Thá»±c Ä‘Æ¡n trÃªn tÃ u káº¿t há»£p Ä‘áº·c sáº£n Viá»‡t Nam vÃ  mÃ³n Ã‚u, phá»¥c vá»¥ theo kiá»ƒu buffet hoáº·c set menu."
16,2,Renea Cruises cÃ³ chÃ­nh sÃ¡ch giÃ¡ Æ°u Ä‘Ã£i dÃ nh cho tráº» em.
16,3,Táº¡i lá»›p há»c náº¥u Äƒn báº¡n sáº½ Ä‘Æ°á»£c há»c cÃ¡ch lÃ m cháº£ giÃ² hoáº·c thá»­ thÃ¡ch báº£n thÃ¢n tá»‰a hoa quáº£.
16,4,Du thuyá»n Renea chuyÃªn tuyáº¿n  Vá»‹nh BÃ¡i Tá»­ Long vá»›i nhiá»u cáº£nh quan Ä‘áº¹p vÃ  nguyÃªn sÆ¡. Du khÃ¡ch cÃ³ thá»ƒ lá»±a chá»n lá»‹ch trÃ¬nh 2 ngÃ y 1 Ä‘Ãªm hoáº·c 3 ngÃ y 2 Ä‘Ãªm.
17,1,Du thuyá»n Elite of the Seas lÃ  du thuyá»n sang trá»ng má»›i nháº¥t vá»‹nh Háº¡ Long
17,2,"Du thuyáº¿n Ä‘Æ°á»£c thiáº¿t káº¿ mang phong cÃ¡ch hiá»‡n Ä‘áº¡i vá»›i cÃ¡c tiá»‡n Ã­ch vÆ°á»£t trá»™i nhÆ°: bá»ƒ bÆ¡i, khu vá»±c spa, sÃ¢n golf mini, phÃ²ng gym."
17,3,"Lá»‹ch trÃ¬nh du thuyá»n sáº½ Ä‘Æ°a du khÃ¡ch khÃ¡m phÃ¡ vá»‹nh Lan Háº¡ thÆ¡ má»™ng vá»›i cÃ¡c Ä‘iá»ƒm tham quan ná»•i tiáº¿ng: Hang SÃ¡ng Tá»‘i, LÃ ng ChÃ i , khu vá»±c Ao áº¾ch."
17,4,Má»—i phÃ²ng cá»§a du thuyá»n Ä‘á»u cÃ³ ban cÃ´ng vÃ  bá»“n táº¯m riÃªng giÃºp du khÃ¡ch cÃ³ nhá»¯ng giá» phÃºt riÃªng tÆ° vÃ  thoáº£i mÃ¡i nháº¥t
18,1,"Du thuyá»n ná»•i báº­t vá»›i phong cÃ¡ch cá»• Ä‘iá»ƒn ÄÃ´ng DÆ°Æ¡ng vÃ  hiá»‡n Ä‘áº¡i phÆ°Æ¡ng TÃ¢y, thu hÃºt du khÃ¡ch tá»« diá»‡n máº¡o bÃªn ngoÃ i Ä‘áº¿n ná»™i tháº¥t sang trá»ng bÃªn trong."
18,2,Bá»ƒ bÆ¡i Ä‘áº³ng cáº¥p 5 sao cho nhá»¯ng táº¥m hÃ¬nh checkin Ä‘áº§y sang trá»ng Ä‘á»™c Ä‘Ã¡o
18,3,NÃ©t kiáº¿n trÃºc ÄÃ´ng DÆ°Æ¡ng káº¿t há»£p vá»›i nhá»‹p sá»‘ng phÆ°Æ¡ng TÃ¢y hiá»‡n Ä‘áº¡i Ä‘em láº¡i má»™t sáº£n pháº©m thá»±c sá»± xuáº¥t sáº¯c
18,4,"Táº¥t cáº£ cÃ¡c cabin trÃªn du thuyá»n Ä‘á»u sá»Ÿ há»¯u ban cÃ´ng riÃªng, há»‡ thá»‘ng cá»­a sá»• tráº§n vÃ  bá»“n táº¯m hÆ°á»›ng vá»‹nh."
19,1,"Du thuyá»n cÃ³ bá»ƒ sá»¥c Jacuzzi ngoÃ i trá»i Ä‘á»™c Ä‘Ã¡o, Ä‘áº¹p máº¯t"
19,2,Äáº·c biá»‡t khu Spa cá»§a du thuyá»n vá»›i nhiá»u phÆ°Æ¡ng phÃ¡p trá»‹ liá»‡u hiá»‡u quáº£ sáº½ Ä‘em láº¡i cho du khÃ¡ch sá»± thoáº£i mÃ¡i vÃ  thÆ° giÃ£n
19,3,Má»—i phÃ²ng cá»§a du thuyá»n Ä‘á»u cÃ³ bá»“n táº¯m vÃ  ban cÃ´ng riÃªng thoáº£i mÃ¡i
19,4,Du thuyá»n sá»Ÿ há»¯u Quáº§y bar  sang trá»ng vá»›i nhiá»u Ä‘á»“ uá»‘ng háº¥p dáº«n du khÃ¡ch
19,5,PhÃ²ng gia Ä‘Ã¬nh cá»§a du thuyá»n rá»™ng rÃ£i vÃ  phÃ¹ há»£p vá»›i du khÃ¡ch cÃ³ tráº» nhá»
20,1,"Du thuyá»n Scarlet Pearl lÃ  má»™t trong nhá»¯ng du thuyá»n má»›i vÃ  lá»›n nháº¥t á»Ÿ Vá»‹nh Lan Háº¡, Vá»‹nh Háº¡ Long"
20,2,"PhÃ²ng rá»™ng rÃ£i, trang trÃ­ sang trá»ng, Ä‘áº¥y Ä‘á»§ tiá»‡n nghi,táº¥t cáº£ cÃ¡c phÃ²ng Ä‘á»u cÃ³ ban cÃ´ng riÃªng vÃ  hÆ°á»›ng vá»‹nh"
20,3,"Tham gia cÃ¡c hoáº¡t Ä‘á»™ng: Kayaking, bÆ¡i lá»™i, cÃ¢u má»±c Ä‘Ãªm, cooking class,."
20,4,"Sá»± lá»±a chá»n tuyá»‡t vá»i cho cáº£ cÃ¡c cáº·p Ä‘Ã´i, nhÃ³m báº¡n hoáº·c gia Ä‘Ã¬nh cÃ³ tráº» em."
21,1,"Du thuyá»n Nostalgia lÃ  má»™t trong sá»‘ du thuyá»n má»›i nháº¥t vá»›i thiáº¿t káº¿ hiá»‡n Ä‘áº¡i, sang trá»ng vá»›i 10 phÃ²ng Ä‘áº§y Ä‘á»§ thiáº¿t bá»‹"
21,2,Má»—i phÃ²ng cá»§a du thuyá»n Ä‘á»u cÃ³ ban cÃ´ng riÃªng
21,3,"Du thuyá»n cÃ³ phÃ²ng Spa vá»›i cÃ¡c liá»‡u phÃ¡p hiá»‡u quáº£ xÃ³a tan má»‡t má»i, Ä‘em láº¡i cho du khÃ¡ch sá»± thoáº£i mÃ¡i"
21,4,Wifi miá»…n phÃ­
21,5,NhÃ  hÃ ng sang trá»ng
21,6,Du thuyá»n 5 sao
22,1,"Du thuyá»n phong cÃ¡ch thiáº¿t káº¿ trang nhÃ£ vÃ  trang thiáº¿t bá»‹ sang trá»ng hiá»‡n Ä‘áº¡i, táº¥t cáº£ cÃ¡c phÃ²ng Ä‘á»u cÃ³ ban cÃ´ng riÃªng"
22,2,Du khÃ¡ch sáº½ Ä‘Æ°á»£c tráº£i nghiá»‡m hoáº¡t Ä‘á»™ng Ä‘Ã¡nh báº¯t cÃ¡ cÃ¹ng ngÆ°á»i dÃ¢n Ä‘á»‹a phÆ°Æ¡ng
22,3,"Cháº¥t lÆ°á»£ng dá»‹ch vá»¥, cÃ¹ng Ä‘á»™i ngÅ© nhÃ¢n viÃªn chuyÃªn nghiá»‡p sáº½ mang láº¡i cho du khÃ¡ch ká»³ nghá»‰ dÆ°á»¡ng tuyá»‡t vá»i"
22,4,"Thiáº¿t káº¿ trang nhÃ£ vÃ´ cÃ¹ng áº¥m cÃºng  lÃ  sá»± lá»±a chá»n lÃ½ tÆ°á»Ÿng cho gia Ä‘Ã¬nh, cáº·p Ä‘Ã´i vÃ  báº¡n bÃ¨"
23,1,"Du thuyá»n phong cÃ¡ch thiáº¿t káº¿ truyá»n thá»‘ng, nhÃ£ nháº·n vÃ  trang thiáº¿t bá»‹ sang trá»ng hiá»‡n Ä‘áº¡i"
23,2,"Du khÃ¡ch sáº½ Ä‘Æ°á»£c KhÃ¡m phÃ¡ tuyáº¿n Ä‘Æ°á»ng ""váº¯ng khÃ¡ch"" cá»§a Vá»‹nh Lan Háº¡"
23,3,"CÃ¡c cabin cá»§a du thuyá»n Sena Ä‘Æ°á»£c bÃ i trÃ­ sang trá»ng, cÃ³ ban cÃ´ng riÃªng Ä‘á»ƒ thÆ° giÃ£n vÃ  ngáº¯m cáº£nh"
23,4,"Vá»›i thiáº¿t káº¿ thÃ´ng minh, ban cÃ´ng riÃªng mang Ä‘áº¿n má»™t khÃ´ng gian má»Ÿ lÃ£ng máº¡n Ä‘á»ƒ quÃ½ khÃ¡ch cÃ³ thá»ƒ hÃ­t hÃ  giÃ³ trá»i, ngáº¯m cáº£nh vÃ  Ä‘áº·c biá»‡t lÃ  lÆ°u giá»¯ nhá»¯ng kháº£nh kháº¯c Ä‘Ã¡ng nhá»› báº±ng nhá»¯ng bá»©c hÃ¬nh tuyá»‡t Ä‘áº¹p"
24,1,Du thuyá»n 5 sao vá»›i phong cÃ¡ch ChÃ¢u Ã‚u hiá»‡n Ä‘áº¡i vá»›i lá»‹ch trÃ¬nh linh hoáº¡t
24,2,Má»—i phÃ²ng cá»§a du thuyá»n Ä‘á»u cÃ³ ban cÃ´ng riÃªng
24,3,"Du thuyá»n há»™i tá»¥ nhiá»u tiá»‡n Ã­ch nhÆ°: nhÃ  hÃ ng, quáº§y bar, phÃ²ng gym, bá»ƒ bÆ¡i ngoÃ i trá»i vÃ  phÃ²ng spa"
24,4,NhÃ  hÃ ng cá»§a du thuyá»n phá»¥c vá»¥ cÃ¡c mÃ³n Äƒn theo phong cÃ¡ch Ã vÃ  Ã‚u káº¿t há»£p
25,1,Du thuyá»n Swan Ä‘Æ°a du khÃ¡ch Ä‘áº¿n vá»›i vá»‹nh BÃ¡i Tá»­ Long vá»›i vá»›i nhá»¯ng Ä‘iá»ƒm Ä‘áº¿n háº¥p dáº«n
25,2,"Tham gia nhiá»u hoáº¡t Ä‘á»™ng thÃº vá»‹: ChÃ¨o thuyá»n kayak, Äi thuyá»n tre, CÃ¢u má»±c, BÆ¡i lá»™i, Lá»›p há»c náº¥u Äƒn, â€¦"
25,3,"Trong lá»‹ch trÃ¬nh tham quan Vá»‹nh Háº¡ Long - BÃ¡i Tá»­ Long, báº¡n cÃ³ thá»ƒ tham gia vÃ o chuyáº¿n Ä‘i khÃ¡m phÃ¡ má»i ngÃ³c ngÃ¡ch cá»§a Vá»‹nh, tá»« nhá»¯ng bÃ£i biá»ƒn Ä‘áº¹p, hang Ä‘á»™ng huyá»n diá»‡u, nhá»¯ng ngÃ´i lÃ ng ná»•i, nhá»¯ng hÃ²n Ä‘áº£o xa xÃ´i Ä‘áº¿n nhá»¯ng khu vá»±c hoang sÆ¡."
25,4,Thá»±c Ä‘Æ¡n phong phÃº phÃ¹ há»£p vá»›i kháº©u vá»‹ vÃ  phong cÃ¡ch áº©m thá»±c cá»§a phÆ°Æ¡ng TÃ¢y vÃ  Ã ÄÃ´ng
26,1,Du khÃ¡ch sáº½ Ä‘Æ°á»£c hoÃ  mÃ¬nh vÃ o lÃ n nÆ°á»›c xanh nhÆ° ngá»c trong khÃ´ng gian Ä‘áº­m cháº¥t huyá»n thoáº¡i hoáº·c Ä‘Æ¡n giáº£n chá»‰ lÃ  nghÄ© dÆ°á»¡ng vá»›i cÃ¡c tiá»‡n nghi sang trá»ng
26,2,"PhÃ²ng nghá»‰ cao cáº¥p view biá»ƒn vá»›i Ä‘áº§y Ä‘á»§ tiá»‡n nghi, thiáº¿t káº¿ ban cÃ´ng, bá»“n táº¯m riÃªng"
26,3,Du thuyá»n Erina sáº½ Ä‘Ã¡p á»©ng má»i kÃ¬ vá»ng cá»§a báº¡n vá» má»™t kÃ¬ nghá»‰ trong mÆ¡ vá»›i 30 cabin sang trá»ng tiá»‡n nghi chuáº©n 5 sao cÃ¹ng dá»‹ch vá»¥ hoÃ n háº£o.
26,4,"Má»™t trong nhá»¯ng du thuyá»n Ä‘áº³ng cáº¥p nháº¥t táº¡i Vá»‹nh Lan Háº¡ cho cáº·p Ä‘Ã´i Ä‘i trÄƒng máº­t hay kÃ¬ nghÃ¬ cá»§a cáº£ gia Ä‘Ã¬nh, Erina cruise cháº¯c cháº¯n sáº½ mang Ä‘áº¿n tráº£i nghiá»‡m Ä‘Ã­ch thá»±c mÃ  du khÃ¡ch mong Æ°á»›c"
27,1,Du thuyá»n mang Ä‘áº­m phong cÃ¡ch ÄÃ´ng DÆ°Æ¡ng sang trá»ng vÃ  Ä‘áº³ng cáº¥p
27,2,ToÃ n bá»™ phÃ²ng cá»§a du thuyá»n Ä‘á»u cÃ³ diá»‡n tÃ­ch lá»›n vá»›i cá»­a kÃ­nh sÃ¡t tráº§n giÃºp du khÃ¡ch ngáº¯m trá»n váº» Ä‘áº¹p cá»§a Vá»‹nh Háº¡ Long
27,3,"Du thuyá»n Indochine Premium cÃ³ tá»›i 02 sundeck rá»™ng rÃ£i phÃ¹ há»£p vá»›i du khÃ¡ch muá»‘n trang trÃ­ tiá»‡c cÆ°á»›i, tiá»‡c gala"
27,4,"NhÃ  hÃ ng cá»§a du thuyá»n thoÃ¡ng Ä‘Ã£ng, sang trá»ng cÃ³ thá»ƒ phá»¥c vá»¥ cÃ¹ng lÃºc lÃªn tá»›i 150 khÃ¡ch"
28,1,"Du thuyá»n Athena Luxury sáº½ Ä‘Æ°a du khÃ¡ch tham quan, khÃ¡m phÃ¡ váº» Ä‘áº¹p hÃ¹ng vÄ© cá»§a vá»‹nh Háº¡ Long, nÆ¡i Ä‘Ã¢y luÃ´n lÃ  Ä‘iá»ƒm Ä‘áº¿n lÃ½ tÆ°á»Ÿng háº¥p dáº«n má»i du khÃ¡ch trong vÃ  ngoÃ i nÆ°á»›c"
28,2,"Lá»‹ch trÃ¬nh tham quan vá»‹nh BÃ¡i Tá»­ Long vá»›i nhá»¯ng tráº£i nghiá»‡m, Ä‘iá»ƒm Ä‘áº¿n má»›i máº»"
28,3,"Athena xá»©ng Ä‘Ã¡ng lÃ  má»™t kiá»‡t tÃ¡c nghá»‡ thuáº­t vá»›i thiáº¿t káº¿ hiá»‡n Ä‘áº¡i, sang trá»ng sáº½ khiáº¿n du khÃ¡ch cÃ³ cÆ¡ há»™i Ä‘Æ°á»£c tráº£i nghiá»‡m khÃ´ng gian nhÆ° má»™t khÃ¡ch sáº¡n quá»‘c táº¿ thá»±c thá»¥"
28,4,"Táº¥t cáº£ cÃ¡c phÃ²ng Ä‘á»u cÃ³ ban cÃ´ng riÃªng, ná»™i tháº¥t gá»— sang trá»ng ,bÃ i trÃ­ hiá»‡n Ä‘áº¡i vÃ  tinh táº¿"
29,1,Du thuyá»n Indochine Sails lÃ  tÃ u gá»— ná»•i tiáº¿ng cháº¡y lá»‹ch trÃ¬nh vá»‹nh Háº¡ Long
29,2,CÃ¡c bá»¯a Äƒn theo lá»‹ch trÃ¬nh cá»§a du thuyá»n Ä‘Æ°á»£c káº¿t há»£p hÃ i hÃ²a giá»¯a truyá»n thá»‘ng Viá»‡t Nam vÃ  quá»‘c táº¿
29,3,"Du khÃ¡ch sáº½ tham gia cÃ¡c hoáº¡t Ä‘á»™ng háº¥p dáº«n nhÆ°: thÄƒm Hang Sá»­ng Sá»‘t, Äáº£o Ti Tá»‘p..."
30,1,Du thuyá»n Athena Royal lÃ  du thuyá»n du lá»‹ch nÄƒm sao sang trá»ng hoÃ n toÃ n má»›i táº¡i Vá»‹nh Háº¡ Long â€“ Vá»‹nh BÃ¡i Tá»­ Long
30,2,"Äi trÃªn du thuyá»n Athena, du khÃ¡ch sáº½ bá»‹ choÃ¡ng ngá»£p bá»Ÿi váº» Ä‘áº¹p tá»± nhiÃªn hung vÄ© xung quanh, bá»‹ mÃª hoáº·c bá»Ÿi ká»³ quan thiÃªn nhiÃªn cÃ²n nhiá»u bÃ­ áº©n vÃ  cá»• xÆ°a cá»§a Vá»‹nh Háº¡ Long"
30,3,HÃ nh trÃ¬nh cá»§a Du thuyá»n Athena tá»« Vá»‹nh Háº¡ Long huyá»n thoáº¡i Ä‘áº¿n Vá»‹nh BÃ¡i Tá»­ Long mang láº¡i má»™t tráº£i nghiá»‡m Ä‘á»™c Ä‘Ã¡o khÃ´ng thá»ƒ cÃ³ Ä‘Æ°á»£c trÃªn cÃ¡c du thuyá»n khÃ¡c
30,4,Du thuyá»n Ä‘Æ°á»£c thiáº¿t káº¿ vá» sáº¯t hiá»‡n Ä‘áº¡i mÃ  váº«n thá»ƒ hiá»‡n Ä‘Æ°á»£c nhá»¯ng Ä‘Æ°á»ng nÃ©t tinh táº¿ tuyá»‡t Ä‘á»‘i cuá»‘n hÃºt tá»« Ã¡nh nhÃ¬n Ä‘áº§u tiÃªn.
31,1,Du thuyá»n Ä‘Æ°á»£c thiáº¿t káº¿ theo kiáº¿n trÃºc hiá»‡n Ä‘áº¡i káº¿t há»£p hÃ i hÃ²a vá»›i phong cÃ¡ch truyá»n thá»‘ng ChÃ¢u Ã
31,2,"Du thuyá»n Signature Royal Háº¡ Long lÃ  du thuyá»n Ä‘áº¡t tiÃªu chuáº©n 5 sao vá»›i dá»‹ch vá»¥ vÃ  tiá»‡n nghi sang trá»ng, cháº¡y hÃ nh trÃ¬nh 2 ngÃ y vÃ  3 ngÃ y thÄƒm quan vá»‹nh Háº¡ Long, vá»‹nh Lan Háº¡ vÃ  vá»‹nh BÃ¡i Tá»­ Long"
31,3,"Äáº¿n vá»›i du thuyá»n Signature, báº¡n sáº½ Ä‘Æ°á»£c táº­n hÆ°á»Ÿng nhá»¯ng dá»‹ch vá»¥ tá»‘t nháº¥t bá»Ÿi Ä‘á»™i ngÅ© nhÃ¢n viÃªn táº­n tÃ¢m vÃ  giÃ u kinh nghiá»‡m"
31,4,"Táº¡i khu vá»±c sundeck rá»™ng 130m2, báº¡n Ä‘Æ°á»£c tá»± do thÆ°á»Ÿng thá»©c nhá»¯ng ly Ä‘á»“ uá»‘ng háº£o háº¡ng báº¥t ká»ƒ ngÃ y Ä‘Ãªm."
32,1,"Du thuyá»n Signature Royal Háº¡ Long cÃ³ phÃ²ng nghá»‰ rá»™ng rÃ£i, tiá»‡n nghi sang trá»ng"
32,2,"CÃ¡c phÃ²ng Ä‘á»u cÃ³ ban cÃ´ng riÃªng, giÃºp du khÃ¡ch cÃ³ thá»ƒ thÆ°á»Ÿng ngoáº¡n Ä‘Æ°á»£c toÃ n cáº£nh váº» Ä‘áº¹p Háº¡ Long"
32,3,"Du thuyá»n Signature  Ä‘i tá»›i vá»‹nh BÃ¡i Tá»­ Long â€“ nÆ¡i cÃ²n giá»¯ nguyÃªn váº» Ä‘áº¹p ká»³ bÃ­, hoang sÆ¡. Háº£i trÃ¬nh nÃ y cÃ²n cÃ³ nhá»¯ng hoáº¡t Ä‘á»™ng tráº£i nghiá»‡m thÃº vá»‹ nhÆ° khÃ¡m phÃ¡ hang Ä‘á»™ng, chÃ¨o kayak."
32,4,"LÃ  má»™t chiáº¿c thuyá»n truyá»n thá»‘ng vÃ  láº¥y cáº£m há»©ng tá»« lá»‘i trang trÃ­ kiá»ƒu PhÃ¡p, du thuyá»n Signature Royal lÃ  má»™t trong nhá»¯ng con tÃ u lá»›n nháº¥t trong khu vá»±c vÃ  cÅ©ng lÃ  má»™t trong nhá»¯ng tÃ u Ä‘Æ°á»£c tÃ¬m kiáº¿m nhiá»u nháº¥t trÃªn Vá»‹nh Báº¯c Bá»™"
33,1,"Du thuyá»n Doris thuá»™c phÃ¢n khÃºc du thuyá»n háº¡ng sang, cung cáº¥p dá»‹ch vá»¥ vÃ  phÃ²ng nghá»‰ cháº¥t lÆ°á»£ng cao."
33,2,Má»—i phÃ²ng cá»§a du thuyá»n Ä‘á»u cÃ³ ban cÃ´ng riÃªng cÃ¹ng phÃ²ng cÃ³ bá»“n táº¯m vá»›i cá»­a kÃ­nh cá»¡ lá»›n
33,3,"Bao gá»“m Ä‘áº§y Ä‘á»§ cÃ¡c hoáº¡t Ä‘á»™ng nhÆ°: chÃ¨o thuyá»n kayak, thÄƒm hang, bÆ¡i lá»™i hay lá»›p há»c náº¥u Äƒn"
33,4,PhÃ²ng dÃ nh cÃ³ cá»­a thÃ´ng nhau phÃ¹ há»£p vá»›i gia Ä‘Ã¬nh cÃ³ tráº» nhá»
34,1,Táº¥t cáº£ cÃ¡c phÃ²ng Ä‘á»u cÃ³ ban cÃ´ng riÃªng vÃ  bá»“n táº¯m view vá»‹nh
34,2,Lá»‹ch trÃ¬nh Ä‘a dáº¡ng khÃ¡m phÃ¡ trá»n váº¹n váº» Ä‘áº¹p vá»‹nh Lan Háº¡
34,3,ChÃ¨o thuyá»n Kayak hoáº·c ngá»“i thuyá»n nan giá»¯a nhá»¯ng hÃ²n Ä‘áº£o Ä‘Ã¡ lung linh ná»•i nÃªn giá»¯a vá»‹nh
34,4,Du thuyá»n La Casta Regal há»©a háº¹n Ä‘em tá»›i nhá»¯ng tráº£i nghiá»‡m áº¥n tÆ°á»£ng khÃ³ quÃªn cÃ¹ng nhá»¯ng chuyáº¿n du ngoáº¡n lÃ m hÃ i lÃ²ng du khÃ¡ch.
35,1,Du thuyá»n Paradise Sails lÃ  tÃ u gá»— ná»•i tiáº¿ng thuá»™c táº­p Ä‘oÃ n Paradise
35,2,"Thiáº¿t káº¿ sang trá»ng, áº¥m cÃºng vá»›i phong cÃ¡ch cá»• Ä‘iá»ƒn ÄÃ´ng DÆ°Æ¡ng cÃ¹ng ná»™i tháº¥t sang trá»ng"
35,3,Du thuyá»n tham quan tuyáº¿n Háº¡ Long vá»›i nhá»¯ng Ä‘iáº¿m Ä‘áº¿n háº¥p Ä‘áº«n
36,1,"Du thuyá»n La Regina Ä‘Æ°a du khÃ¡ch khÃ¡m phÃ¡ cáº­n cáº£nh Vá»‹nh Lan Háº¡ vÃ  du ngoáº¡n trÃªn biá»ƒn vá»›i háº£i trÃ¬nh riÃªng biá»‡t, khÃ´ng giá»‘ng vá»›i báº¥t cá»© tÃ u nÃ o."
36,2,CÃ¡c phÃ²ng nghá»‰ trÃªn du thuyá»n Ä‘á»u rá»™ng rÃ£i vÃ  Ä‘Æ°á»£c trang bá»‹ Ä‘áº§y Ä‘á»§ tiá»‡n nghi Ä‘á»ƒ du khÃ¡ch cÃ³ má»™t ká»³ nghá»‰ thoáº£i mÃ¡i
36,3,"La Regina Legend cÃ³ 27 cabin rá»™ng rÃ£i, Ä‘Æ°á»£c trang bá»‹ tá»‘t vá»›i Ä‘áº§y Ä‘á»§ tiá»‡n nghi vÃ  ban cÃ´ng riÃªng cho bá»©c tranh toÃ n cáº£nh tuyá»‡t Ä‘áº¹p cá»§a Vá»‹nh"
36,4,"Du khÃ¡ch cÃ³ thá»ƒ táº­n hÆ°á»Ÿng nhiá»u tiá»‡n nghi nhÆ° nhÃ  hÃ ng vÃ  quÃ¡n bar cao cáº¥p, phÃ²ng gym, phÃ²ng Ä‘á»c sÃ¡ch"
37,1,"Du thuyá»n vá»›i cÃ¡c hoáº¡t Ä‘á»™ng thÃº vá»‹, tiá»‡n Ã­ch Ä‘a dáº¡ng, hiá»‡n Ä‘áº¡i: Bá»ƒ bÆ¡i, PhÃ²ng Spa & Massage, PhÃ²ng Gym,..."
37,2,"Du thuyá»n thist káº¿ nhiá»u phÃ²ng thÃ´ng nhau lÃ½ tÆ°á»Ÿng cho cÃ¡c chuyáº¿n Ä‘i gia Ä‘Ã¬nh vÃ  nhÃ³m báº¡n,"
37,3,"Du thuyá»n Alisa thiáº¿t káº¿ hiá»‡n Ä‘áº¡i,má»—i phÃ²ng nghá»‰ trÃªn tÃ u Ä‘á»u Ä‘Æ°á»£c thiáº¿t káº¿ theo phong cÃ¡ch sang trá»ng, Ä‘áº·c biá»‡t háº¡ng phÃ²ng VIP cÃ³ ban cÃ´ng riÃªng hÆ°á»›ng biá»ƒn vÃ  Ä‘Æ°á»£c trang bá»‹ bá»“n táº¯m Jacuzzi,"
38,1,"Du thuyá»n sang trá»ng nháº¥t vá»›i phong cÃ¡ch phá»¥c vá»¥ chuyÃªn nghiá»‡p nháº¥t, cháº¥t lÆ°á»£ng dá»‹ch vá»¥ tá»‘t nháº¥t, thá»±c Ä‘Æ¡n phong phÃº nháº¥t,"
38,2,Táº¥t cáº£ cÃ¡c phÃ²ng ngá»§ Ä‘á»u cÃ³ ban cÃ´ng riÃªng nhÃ¬n ra Ä‘áº¡i dÆ°Æ¡ng.- CÃ¡c hÃ nh trÃ¬nh lÃ  Ä‘á»™c Ä‘Ã¡o vÃ  khÃ¡c biá»‡t vá»›i táº¥t cáº£ cÃ¡c du thuyá»n trÃªn vá»‹nh Lan Háº¡.
38,3,"LÃ  má»™t du thuyá»n Ä‘áº§u tiÃªn cá»§a ViÃªt Nam Ä‘Æ°á»£c Ä‘áº§u tÆ° cÆ¡ sá»Ÿ váº­t cháº¥t nhÆ° phÃ²ng hÃ¡t cÃ¡ch Ã¢m, karaoke, sÃ¢n táº­p Goft, bá»ƒ bÆ¡i bá»‘n mÃ¹a, phÃ²ng gymâ€¦"
38,4,"Du khÃ¡ch Ä‘Æ°á»£c tham gia nhiá»u hoáº¡t Ä‘á»™ng thÃº vá»‹ nhÆ° chÃ¨o thuyá»n Kayak, bÆ¡i lá»™i, tham quan hang SÃ¡ng Tá»‘i, lá»›p há»c náº¥u Äƒn, tiá»‡c hoÃ ng hÃ´n, cÃ¢u má»±c Ä‘Ãªm vÃ  táº­p thÃ¡i cá»±c quyá»n."
39,1,Era Cruise lÃ  má»™t trong sá»‘ Ã­t du thuyá»n cÃ³ dá»‹ch vá»¥ chÄƒm sÃ³c sá»©c khá»e y táº¿ vÃ  ráº¡p chiáº¿u phim mini.
39,2,"Khu vá»±c sÃ¢n thÆ°á»£ng vÃ´ cÃ¹ng rá»™ng rÃ£i Ä‘Æ°á»£c tráº£i tháº£m xanh giÃºp báº¡n cÃ³ cáº£m giÃ¡c nhÆ° Ä‘ang hÃ²a mÃ¬nh vÃ o thiÃªn nhiÃªn, táº­n hÆ°á»Ÿng khÃ´ng khÃ­ trong lÃ nh nÆ¡i vá»‹nh Ä‘áº£"
39,3,"Du thuyá»n nhiá»u tiá»‡n Ã­ch nháº¥t: Thang mÃ¡y, phÃ²ng chiáº¿u phim, phÃ²ng táº­p Fitness, Spa"
39,4,CÃ¡c phÃ²ng lá»›n vÃ  Ä‘Æ°á»£c trang bá»‹ Ä‘áº§y Ä‘á»§ tiá»‡n nghi nÃ y cÃ³ sÃ¢n hiÃªn táº¯m náº¯ng riÃªng vÃ  bá»ƒ sá»¥c
40,1,"Du thuyá»n Sapphire Ä‘Æ°á»£c thiáº¿t káº¿ tá»‘i giáº£n, hiá»‡n Ä‘áº¡i, vá»›i tÃ´ng mÃ u tráº¯ng chá»§ Ä‘áº¡o, má»—i phÃ²ng Ä‘á»u cÃ³ ban cÃ´ng riÃªng Ä‘áº£m báº£o sá»± riÃªng tÆ°, cÃ³ bá»“n táº¯m vÃ  bá»“n Jacuzzi (trá»« phÃ²ng suite cabin trÃªn táº§ng 3)."
40,2,"Nhiá»u tráº£i nghiá»‡m thÃº vá»‹ trong chuyáº¿n Ä‘i: chÃ¨o thuyá»n kayak, bÆ¡i lá»™i, lá»›p há»c ThÃ¡i Cá»±c Quyá»n, lá»›p há»c náº¥u Äƒn, v.v."
40,3,Tham gia giá» vui váº» - Happy Hour vá»›i nhiá»u Æ°u Ä‘Ã£i cho Ä‘á»“ uá»‘ng trÃªn tÃ u.
40,4,Tráº£i nghiá»‡m áº©m thá»±c tuyá»‡t vá»i vá»›i nhiá»u mÃ³n Äƒn ngon cá»§a Viá»‡t Nam
41,1,"Du thuyá»n Ä‘Æ°á»£c thiáº¿t káº¿ theo phong cÃ¡ch quá»‘c táº¿ vá»›i ná»™i tháº¥t trang trÃ­ ÄÃ´ng DÆ°Æ¡ng, láº¥y cáº£m há»©ng tá»« nÃ©t Ä‘áº¹p yÃªu kiá»u cá»§a ngÆ°á»i phá»¥ ná»¯ Ã ÄÃ´ng"
41,2,Du thuyá»n cÃ³  39 phÃ²ng cao cáº¥p Ä‘á»u cÃ³ ban cÃ´ng riÃªng vÃ  bá»“n táº¯m full view biá»ƒn
41,3,"Catherine lÃ  má»™t khu nghá»‰ dÆ°á»¡ng thu nhá» vá»›i hÃ ng loáº¡t dá»‹ch vá»¥ giáº£i trÃ­ cao cáº¥p trÃªn tÃ u: 02 nhÃ  hÃ ng, 02 phÃ²ng Spa riÃªng biá»‡t cho nam vÃ  ná»¯, 02 phÃ²ng Karaoke sang trá»ng, PhÃ²ng thá»­ rÆ°á»£u & cigars, Bá»ƒ bÆ¡i vÃ´ cá»±c 40m3, PhÃ²ng Poker (Texas holdâ€™em), SÃ¢n golf miniâ€¦"
41,4,"Táº¡i Ä‘Ã¢y, du khÃ¡ch sáº½ cÃ³ khoáº£ng thá»i gian vui váº» Ä‘á»ƒ tráº£i nghiá»‡m cÃ¡c mÃ³n Äƒn Ä‘Æ°á»£c láº¥y cáº£m há»©ng vÃ  cÃ³ nguá»“n gá»‘c Ä‘á»‹a phÆ°Æ¡ng, Ä‘Æ°á»£c chuáº©n bá»‹ cáº©n tháº­n bá»Ÿi cÃ¡c Ä‘áº§u báº¿p chuyÃªn nghiá»‡p cá»§a Catherine."
42,1,"Amanda Cruises lÃ  du thuyá»n 5 sao táº¡i Háº¡ Long Äáº¦U TIÃŠN & DUY NHáº¤T cháº¡y lá»‹ch trÃ¬nh 02 ngÃ y 01 Ä‘Ãªm khÃ¡m phÃ¡ bÃ£i biá»ƒn Trinh Ná»¯ hoang sÆ¡ vÃ  Hang Sá»­ng Sá»‘t Ä‘áº¹p nháº¥t  táº¡i Vá»‹nh Háº¡ Long,"
42,2,"Vá»›i phong cÃ¡ch thiáº¿t káº¿ hiá»‡n Ä‘áº¡i pha láº«n chÃºt cá»• Ä‘iá»ƒn vÃ  tinh táº¿, láº¥y cáº£m há»©ng tá»« nhá»¯ng du thuyá»n chÃ¢u Ã‚u, Amanda Cruise Ä‘Æ°á»£c táº¡o nÃªn bá»Ÿi váº» Ä‘áº¹p hÃ i hÃ²a nhÆ°ng cÅ©ng ráº¥t sang trá»ng, cuá»‘n hÃºt,"
42,3,"Háº£i trÃ¬nh dÃ i Ä‘áº¿n Hang Trinh Ná»¯ (chÆ°Æ¡ng trÃ¬nh dÃ nh cho khÃ¡ch 3 ngÃ y), Ä‘iá»ƒm Ä‘áº¿n khÃ´ng váº¯ng, khÃ¡ch Ä‘Æ°á»£c ngáº¯m cáº£nh Ä‘áº¹p hoang sÆ¡ cá»§a vá»‹nh Háº¡ Long"
42,4,"Amanda Crusie lÃ  thiáº¿t káº¿ hoÃ n háº£o giá»¯a phong cÃ¡ch cá»• Ä‘iá»ƒn vÃ  hiá»‡n Ä‘áº¡i, mang Ä‘áº¿n sá»± má»›i láº¡ cho du khÃ¡ch"
43,1,Du thuyá»n Ä‘áº§u tiÃªn vÃ  duy nháº¥t á»Ÿ Vá»‹nh Háº¡ Long sá»Ÿ há»¯u 2 há»“ bÆ¡i ngoÃ i trá»i
43,2,"CÃ³ Ä‘áº§y Ä‘á»§ cÃ¡c tiá»‡n Ã­ch hiá»‡n Ä‘áº¡i nháº¥t nhÆ° nhÃ  hÃ ng cao cáº¥p, phÃ²ng massage vÃ  spa, quáº§y bar, ."
43,3,"ThÆ°á»Ÿng thá»©c cÃ¡c mÃ³n Äƒn ngon vÃ  cÃ¡c hoáº¡t Ä‘á»™ng thÃº vá»‹: chÃ¨o thuyá»n kayak, bÆ¡i lá»™i, thÄƒm hang Ä‘á»™ng, lá»›p há»c náº¥u Äƒn"
43,4,"Táº¥t cáº£ cÃ¡c phÃ²ng Ä‘á»u Ä‘Æ°á»£c thiáº¿t káº¿ rá»™ng rÃ£i, cÃ³ ban cÃ´ng riÃªng vÃ  bá»ƒ sá»¥c thoáº£i mÃ¡i, cÃ¹ng nhiá»u tiá»‡n nghi khÃ¡c"
44,1,Du thuyá»n Dora cung cáº¥p chá»— á»Ÿ vá»›i cÃ¡c phÃ²ng rá»™ng rÃ£i Ä‘Æ°á»£c thiáº¿t káº¿ hiá»‡n Ä‘áº¡i. Má»—i phÃ²ng Ä‘á»u cÃ³ ban cÃ´ng riÃªng hoáº·c sÃ¢n thÆ°á»£ng thoÃ¡ng thÃ­ch há»£p Ä‘á»ƒ uá»‘ng trÃ  vÃ  ngáº¯m cáº£nh.
44,2,TrÃªn tÃ u cÃ³ Ä‘áº§y Ä‘á»§ tiá»‡n nghi Ä‘Ã¡p á»©ng cáº£ nhu cáº§u thÆ° giÃ£n vÃ  hoáº¡t Ä‘á»™ng vá»›i trung tÃ¢m chÄƒm sÃ³c sá»©c khá»e vÃ  phÃ²ng táº­p gym.
44,3,"CÃ¡c hoáº¡t Ä‘á»™ng khÃ¡c nhau trong vÃ  ngoÃ i tÃ u: lá»›p há»c náº¥u Äƒn, lá»›p táº­p Tai-Chi, chÃ¨o thuyá»n kayak, bÆ¡i lá»™i, Ä‘i xe Ä‘áº¡p, thÃ¡m hiá»ƒm hang Ä‘á»™ng, vv"
44,4,Du thuyá»n cÃ³ phÃ²ng cho gia Ä‘Ã¬nh hoáº·c nhÃ³m Ä‘em láº¡i Ä‘a dáº¡ng lá»±a chá»n phÃ²ng nghá»‰ cho du khÃ¡ch
45,1,Du thuyá»n Hera lÃ  má»™t trong nhá»¯ng du thuyá»n cao cáº¥p sang trá»ng nháº¥t trÃªn vá»‹nh Háº¡ Long
45,2,Du thuyá»n Hera phÃ¹ há»£p cho cÃ¡c Ä‘oÃ n khÃ¡ch nhÃ³m nhá» vÃ  cÃ³ dá»‹ch vá»¥ cho thuÃª tÃ u riÃªng trong ngÃ y.
45,3,Du thuyá»n Hera cÃ³ phá»¥c vá»¥ bá»¯a tá»‘i riÃªng tÆ° theo yÃªu cáº§u cá»§a khÃ¡ch vÃ  cung cáº¥p dá»‹ch vá»¥ quáº£n gia.
45,4,"Du thuyá»n Hera cÃ³ 11 phÃ²ng cao cáº¥p rá»™ng rÃ£i, cÃ¡c phÃ²ng Ä‘á»u cÃ³ chá»§ Ä‘á» riÃªng vá»›i diá»‡n tÃ­ch tá»« 28-55m2  vÃ  cá»­a kÃ­nh lá»›n cho gÃ³c nhÃ¬n toÃ n cáº£nh ra vá»‹nh Háº¡ Long"
46,1,Du thuyá»n Sea Stars lÃ  du thuyá»n biá»ƒu tÆ°á»£ng cá»§a sá»± xa hoa vÃ  Ä‘áº³ng cáº¥p báº­c nháº¥t vá»‹nh Háº¡ Long
46,2,"Thiáº¿t káº¿ hoÃ ng trÃ¡ng gá»“m Ä‘áº§y Ä‘á»§ cÃ¡c tiá»‡n Ã­ch hoÃ n háº£o nháº¥t: bá»ƒ bÆ¡i ngoÃ i trÆ¡i, sÃ¢n golf mini, nhÃ  hÃ ng sang trá»ng..."
46,3,Diá»‡n tÃ­ch phÃ²ng rá»™ng vá»›i Ä‘áº§y Ä‘á»§ cÃ¡c thiáº¿t bá»‹ hiá»‡n Ä‘áº¡i nháº¥t
46,4,"Lá»‹ch trÃ¬nh háº¥p dáº«n vá»›i cÃ¡c Ä‘iá»ƒm tham quan ná»•i tiáº¿ng: Ä‘áº£o Ti Tá»‘p, hang Sá»­ng Sá»‘t, hang Luá»“n...."
47,1,"Du thuyá»n thÃ©p nÄƒm táº§ng nÃ y lÃ  du thuyá»n nghá»‰ Ä‘Ãªm lá»›n nháº¥t á»Ÿ Vá»‹nh Háº¡ Long, Ä‘Æ°á»£c thiáº¿t káº¿ vá»›i 55 phÃ²ng khÃ¡ch trang nhÃ£ vÃ  rá»™ng rÃ£i"
47,2,"Du thuyá»n háº¥p dáº«n vá»›i lá»‹ch trÃ¬nh Ä‘á»™c Ä‘Ã¡o khÃ¡m phÃ¡ Vá»‹nh Lan Háº¡ trong hÃ nh trÃ¬nh 2 ngÃ y vÃ  Vá»‹nh BÃ¡i Tá»­ Long trong hÃ nh trÃ¬nh 3 ngÃ y, cháº¯c cháº¯n sáº½ mang Ä‘áº¿n nhá»¯ng tráº£i nghiá»‡m tuyá»‡t vá»i cho táº¥t cáº£ du khÃ¡ch trÃªn tÃ u."
47,3,"Äáº¯m chÃ¬m trong tráº£i nghiá»‡m ngoáº¡n má»¥c vá» sá»± thoáº£i mÃ¡i, sang trá»ng vÃ  phong cÃ¡ch vá»›i siÃªu du thuyá»n Essence."
47,4,"Äiá»u sáº½ lÃ m báº¡n ngáº¡c nhiÃªn hÆ¡n cáº£ lÃ  má»™t loáº¡t cÃ¡c tiá»‡n Ã­ch hiá»‡n Ä‘áº¡i trÃªn du thuyá»n phÃ¹ há»£p vá»›i má»i nhu cáº§u, bao gá»“m bá»ƒ bÆ¡i nÆ°á»›c máº·n vÃ´ cá»±c, mÃ n hÃ¬nh tÃ¡c Ä‘á»™ng mÃ´ phá»ng chÆ¡i golf, phÃ²ng táº­p thá»ƒ dá»¥c vÃ  yoga, phÃ²ng há»™i nghá»‹, phÃ²ng rÆ°á»£u vang & xÃ¬ gÃ , thÆ° viá»‡n nhá» vÃ  khu Ä‘á»c sÃ¡ch; cÃ¢u láº¡c bá»™ tráº» em, v.v."
48,1,"Ra máº¯t vÃ o Ä‘áº§u nÄƒm 2023, Ambassador lÃ  du thuyá»n trong ngÃ y lá»›n nháº¥t trÃªn Vá»‹nh Háº¡ Long, vá»›i sá»©c chá»©a lÃªn Ä‘áº¿n 400 khÃ¡ch."
48,2,"Vá»›i 7 giá» trÃªn tÃ u, báº¡n váº«n cÃ³ cÆ¡ há»™i Ä‘á»ƒ táº­n hÆ°á»Ÿng hÃ ng loáº¡t tiá»‡n nghi tiÃªu chuáº©n cao cáº¥p, cÃ¹ng nhá»¯ng tráº£i nghiá»‡m thÃº vá»‹ nhÆ° nhá»¯ng gÃ¬ du khÃ¡ch nghá»‰ Ä‘Ãªm tráº£i qua trong 2 ngÃ y"
48,3,"Du thuyá»n cÃ³ nhiá»u Ä‘iá»ƒm ná»•i báº­t giá»‘ng vá»›i du thuyá»n ngá»§ Ä‘Ãªm Ambassador, nhÆ° bá»ƒ bÆ¡i vÃ´ cá»±c vá»›i táº§m nhÃ¬n 360 Ä‘á»™ toÃ n cáº£nh vá»‹nh Háº¡ Long, khu vá»±c sundeck Ä‘Ã´i rá»™ng rÃ£i, cáº§u kÃ­nh check-in, vÃ  nhÃ  hÃ ng sang trá»ng"
48,4,"Náº¿u báº¡n cÃ³ má»™t khoáº£ng thá»i gian ngáº¯n Ä‘á»ƒ khÃ¡m phÃ¡ Vá»‹nh Háº¡ Long, nhÆ°ng muá»‘n táº­n hÆ°á»Ÿng nÃ³ vá»›i  sá»± sang trá»ng vÃ  phong cÃ¡ch, du thuyá»n trong ngÃ y Ambassador cháº¯c cháº¯n lÃ  lá»±a chá»n sá»‘ má»™t"
49,1,"Du thuyá»n Rosy cÃ³ thiáº¿t káº¿ sang trá»ng, cÃ¡c phÃ²ng Ä‘á»u cÃ³ bá»“n táº¯m cao cáº¥p, du khÃ¡ch sáº½ Ä‘Æ°á»£c thÆ° giÃ£n ngáº¯m nhÃ¬n cáº£nh vá»‹nh tá»« ban cÃ´ng riÃªng"
49,2,"Du thuyá»n sáº½ Ä‘Æ°a báº¡n tham quan nhá»¯ng Ä‘iá»ƒm ná»•i tiáº¿ng Ä‘áº·c sáº¯c cá»§a vá»‹nh Lan Háº¡ vÃ  tham gia nhiá»u hoáº¡t Ä‘á»™ng thÃº vá»‹ nhÆ° bÆ¡i lá»™i, chÃ¨o kayak, tham gia lá»›p há»c náº¥u Äƒn, tiá»‡c hoÃ ng hÃ´n vÃ  tráº£i nghiá»‡m cÃ¢u má»±c Ä‘Ãªm"
49,3,"Du thuyá»n Rosy mang Ä‘áº¿n tráº£i nghiá»‡m trÃªn vá»‹nh Lan Háº¡ cho nhá»¯ng du khÃ¡ch mong muá»‘n tráº£i nghiá»‡m váº» Ä‘áº¹p thiÃªn nhiÃªn, thÆ° giÃ£n cá»§a di sáº£n tháº¿ giá»›i vá»›i dÃ£y nÃºi Ä‘Ã¡ vÃ´i, lÃ n nÆ°á»›c trong xanh cÃ¹ng nhá»¯ng giÃ¢y phÃºt khÃ³ quÃªn"
49,4,"Bá»ƒ bÆ¡i 4 mÃ¹a rá»™ng  náº±m á»Ÿ phÃ­a trÆ°á»›c cá»§a táº§ng thá»© ba lÃ  nÆ¡i thÆ° giÃ£n hoÃ n háº£o, nÆ¡i báº¡n cÃ³ thá»ƒ thÆ°á»Ÿng thá»©c toÃ n cáº£nh cá»§a má»™t di sáº£n tháº¿ giá»›"
50,1,"Du khÃ¡ch dÃ¹ng bá»¯a trÆ°a trÃªn Du thuyá»n vá»›i áº©m thá»±c vÃ  phong cÃ¡ch phá»¥c vá»¥ theo tiÃªu chuáº©n ChÃ¢u Ã¢u, Ä‘Æ°á»£c cháº¿ biáº¿n vÃ  trang trÃ­ Ä‘áº¹p máº¯t bá»Ÿi Ä‘áº§u báº¿p tiÃªu chuáº©n 5 sao"
50,2,Du khÃ¡ch tham gia lá»›p há»c cháº¿ biáº¿n vÃ  trang trÃ­ mÃ³n áº©m thá»±c truyá»n thá»‘ng cá»§a Ä‘áº¥t nÆ°á»›c ta nhÆ° nem rÃ¡n hay Ä‘áº§u báº¿p 5 sao cá»§a chÃºng tÃ´i hÆ°á»›ng dáº«n QuÃ½ khÃ¡ch cÃ¡ch cáº¯t tá»‰a hoa quáº£.
50,3,Du thuyá»n Ä‘Æ°a du khÃ¡ch Ä‘áº¿n khu vá»±c Hang SÃ¡ng Tá»‘i. Táº¡i Ä‘Ã¢y QuÃ½ khÃ¡ch Ä‘Æ°á»£c ngÆ°á»i dÃ¢n Ä‘á»‹a phÆ°Æ¡ng chÃ¨o thuyá»n nan Ä‘Æ°a Ä‘i thÄƒm Hang SÃ¡ng - Hang Tá»‘i.
50,4,"Du thuyá»n rá»i cáº£ng, báº¯t Ä‘áº§u hÃ nh trÃ¬nh tá»« Háº¡ Long sang Vá»‹nh Lan Háº¡. QuÃ½ khÃ¡ch sáº½ cÃ³ cÆ¡ há»™i Ä‘á» chiÃªm ngÆ°á»¡ng váº» Ä‘áº¹p cá»§a Vá»‹nh Háº¡ Long khi Ä‘i ngang qua cÅ©ng nhÆ° ngáº¯m nhÃ¬n LÃ ng chÃ i Gia Luáº­n tá»« xa xa."
51,1,KhÃ¡m phÃ¡ vá»‹nh Háº¡ Long - Lan Háº¡ vá»›i lá»‹ch trÃ¬nh duy nháº¥t chá»‰ cÃ³ trÃªn Ambassador Cruise
51,2,"CÃ¡c hoáº¡t Ä‘á»™ng tham quan, giáº£i trÃ­ Ä‘a dáº¡ng, Ä‘áº·c sáº¯c (chÃ¨o thuyá»n Kayak, ngá»“i thuyá»n nan, lá»›p há»c náº¥u Äƒn trÃªn sundeck du thuyá»n, trÃ¬nh diá»…n nháº¡c sá»‘ng buá»•i tá»‘i, lá»›p ThÃ¡i cá»±c quyá»n,â€¦)"
51,3,"KhÃ¡m phÃ¡ cÃ¡c danh tháº¯ng ná»•i tiáº¿ng trÃªn Vá»‹nh Lan Háº¡ (Hang SÃ¡ng Tá»‘i, LÃ ng chÃ i Viá»‡t Háº£i, BÃ£i táº¯m Ba TrÃ¡i ÄÃ o,â€¦)"
51,4,Du khÃ¡ch sáº½ Ä‘Æ°á»£c thÆ°á»Ÿng thá»©c áº©m thá»±c Ã - Ã‚u thÆ°á»£ng háº¡ng trÃªn du thuyá»n
52,1,"Du thuyá»n 27 cabin Ä‘Æ°á»£c thiáº¿t káº¿ sang trá»ng Ä‘áº¹p máº¯t, má»—i phÃ²ng Ä‘á»u cÃ³ ban cÃ´ng riÃªng vÃ  phÃ²ng táº¯m riÃªng, nhiá»u phÃ²ng thÃ´ng nhau lÃ½ tÆ°á»Ÿng cho cÃ¡c chuyáº¿n Ä‘i gia Ä‘Ã¬nh vÃ  nhÃ³m báº¡n"
52,2,Du khÃ¡ch sáº½ Ä‘Æ°á»£c thÆ°á»Ÿng thá»©c nhá»¯ng mÃ³n Äƒn ngon trÃªn tÃ u vÃ  tham gia lá»›p há»c náº¥u Äƒn...
52,3,"Há»‡ thá»‘ng tiá»‡n Ã­ch Ä‘a dáº¡ng, hiá»‡n Ä‘áº¡i: Jacuzzi, PhÃ²ng Spa & Massage, PhÃ²ng Gym,..."
52,4,Du khÃ¡ch Ä‘Æ°á»£c tham gia hoáº¡t Ä‘á»™ng chÃ¨o Kayak vÃ  thuyá»n nan tham quan hang Ä‘á»™ng
53,1,Du khÃ¡ch sáº½ Ä‘Æ°á»£c 8 giá» trÃªn du thuyá»n á»Ÿ Vá»‹nh Háº¡ Long vá»›i nhiá»u hoáº¡t Ä‘á»™ng
53,2,"Tham quan Hang Sá»­ng Sá»‘t - hang Ä‘á»™ng lá»›n nháº¥t vÃ  Ä‘áº¹p nháº¥t vá»‹nh, leo lÃªn Ä‘á»‰nh nÃºi cá»§a Ä‘áº£o Ti Tá»‘p Ä‘á»ƒ ngáº¯m toÃ n cáº£nh vá»‹nh Háº¡ Long hoáº·c táº¯m biá»ƒn vá»›i bÃ£i cÃ¡t tráº¯ng tuyá»‡t Ä‘áº¹p."
53,3,Du khÃ¡ch sáº½ Ä‘Æ°á»£c thÆ°á»Ÿng thá»©c bá»¯a trÆ°a buffet phong phÃº vá»›i nhiá»u mÃ³n Äƒn Viá»‡t Nam
53,4,"Ã´ vÃ n cÃ¡c tiá»‡n Ã­ch bao gá»“m khÃ¡c: Free kayaking, táº¯m biá»ƒn, tiá»‡c trÃ  chiá»u, tá»• chá»©c sinh nháº­t...."
54,1,Du thuyá»n thiáº¿t káº¿ cabin rá»™ng rÃ£i vá»›i Ä‘áº§y Ä‘á»§ cÃ¡c trang thiáº¿t bá»‹ lÃ  sá»± lá»±a chá»n hoÃ n háº£o cho cÃ¡c cáº·p Ä‘Ã´i vÃ  gia Ä‘Ã¬nh
54,2,LÃ  má»™t trong nhá»¯ng du thuyá»n má»›i vÃ  hiá»‡n Ä‘áº¡i nháº¥t trÃªn vá»‹nh Háº¡ Long mang phong cÃ¡ch tÃ¢n cá»• Ä‘iá»ƒn hiá»‡n Ä‘áº¡i
54,3,"Du khÃ¡ch sáº½ Ä‘Æ°á»£c chÃ¨o thuyá»n kayak/ Thuyá»n nan thÄƒm quan vá»‹nh hang sÃ¡ng- tá»‘i, má»™t trong nhá»¯ng Ä‘á»™ng nÆ°á»›c Ä‘áº¹p nháº¥t trÃªn vá»‹nh"
54,4,"ThÆ° giÃ£n táº­n hÆ°á»Ÿng váº» Ä‘áº¹p cá»§a vá»‹nh Háº¡ Long vÃ  thÄƒm quan vá»‹nh Lan Háº¡ vá»›i hÃ nh trÃ¬nh thÆ° giÃ£n, yÃªn tÄ©nh"
55,1,Du khÃ¡ch sáº½ Ä‘Æ°á»£c thÆ°á»Ÿng ngoáº¡n cáº£nh sáº¯c miá»n di sáº£n lá»™ng láº«y vá»›i hÃ ng nghÃ¬n nÃºi Ä‘Ã¡ vÃ´i tuyá»‡t mÄ© cÃ¹ng váº» Ä‘áº¹p huyá»n bÃ­ vÃ  lung linh cá»§a hang Sá»­ng Sá»‘t
55,2,ChiÃªm ngÆ°á»¡ng nhá»¯ng vÃ¡ch Ä‘Ã¡ vÃ´i ká»³ vÄ© táº¡i Hang Luá»“n. Tráº£i nghiá»‡m tá»± chÃ¨okayak hoáº·c ngá»“i trÃªn thuyá»n nan - má»™t phÆ°Æ¡ng tiá»‡n di chuyá»ƒn cá»§a ngÆ°á»i dÃ¢n Ä‘á»‹a phÆ°Æ¡ng.
55,3,"MÃ£n nhÃ£n vá»›i nhá»¯ng Ä‘á»‹a Ä‘iá»ƒm áº¥n tÆ°á»£ng cá»§a thÃ nh phá»‘ Háº¡ Long nhÆ° cáº§u BÃ£i ChÃ¡y, VÃ²ng quay máº·t trá»i, nÃºi BÃ i ThÆ¡, Quáº£ng trÆ°á»ng..."
55,4,ThÆ°á»Ÿng thá»©c bá»¯a trÆ°a thá»‹nh soáº¡n táº¡i nhÃ  hÃ ng vá»›i thá»±c Ä‘Æ¡n cháº¿ biáº¿n láº¥y cáº£m há»©ng tá»« tinh hoa áº©m thá»±c Ã‚u - Ã vÃ  Ä‘áº·c sáº£n Ä‘á»‹a phÆ°Æ¡ng.
56,1,"Táº¥t cáº£ cÃ¡c phÃ²ng nghá»‰ trÃªn du thuyá»n Ä‘á»u cÃ³ ban cÃ´ng riÃªng hÆ°á»›ng biá»ƒn,bá»ƒ bÆ¡i bá»‘n mÃ¹a trÃªn sundeck"
56,2,PhÃ²ng táº­p Gym miá»…n phÃ­ dÃ nh cho nhá»¯ng du khÃ¡ch yÃªu thá»ƒ thao: náº±m trÃªn táº§ng cao nháº¥t vá»›i trang thiáº¿t bá»‹ hiá»‡n Ä‘áº¡i trong má»™t khÃ´ng gian thoÃ¡ng Ä‘Ã£ng vÃ  táº§m nhÃ¬n hÆ°á»›ng ra bÃ£i biá»ƒn.
56,3,"KhÃ¡ch Ä‘i honeymoon, ká»‰ niá»‡m ngÃ y cÆ°á»›i: táº·ng set trang trÃ­ phÃ²ng (giÆ°á»ng gáº¥p háº¡c vÃ  tráº£i cÃ¡nh hoa há»“ng)"
56,4,Du thuyá»n M'Gloria há»©a háº¹n Ä‘em tá»›i nhá»¯ng tráº£i nghiá»‡m áº¥n tÆ°á»£ng khÃ³ quÃªn cÃ¹ng nhá»¯ng chuyáº¿n du ngoáº¡n lÃ m hÃ i lÃ²ng du khÃ¡ch.
57,1,Du thuyá»n thiáº¿t káº¿ cabin rá»™ng rÃ£i vá»›i Ä‘áº§y Ä‘á»§ cÃ¡c trang thiáº¿t bá»‹ lÃ  sá»± lá»±a chá»n hoÃ n háº£o cho cÃ¡c cáº·p Ä‘Ã´i vÃ  gia Ä‘Ã¬nh
57,2,LÃ  má»™t trong nhá»¯ng du thuyá»n má»›i vÃ  hiá»‡n Ä‘áº¡i nháº¥t trÃªn vá»‹nh Háº¡ Long mang phong cÃ¡ch tÃ¢n cá»• Ä‘iá»ƒn hiá»‡n Ä‘áº¡i
57,3,"Du khÃ¡ch sáº½ Ä‘Æ°á»£c chÃ¨o thuyá»n kayak/ Thuyá»n nan thÄƒm quan vá»‹nh hang sÃ¡ng- tá»‘i, má»™t trong nhá»¯ng Ä‘á»™ng nÆ°á»›c Ä‘áº¹p nháº¥t trÃªn vá»‹nh"
57,4,"ThÆ° giÃ£n táº­n hÆ°á»Ÿng váº» Ä‘áº¹p cá»§a vá»‹nh Háº¡ Long vÃ  thÄƒm quan vá»‹nh Lan Háº¡ vá»›i hÃ nh trÃ¬nh thÆ° giÃ£n, yÃªn tÄ©nh"
58,1,"Du thuyá»n Verdure Lotus gá»“m 16 cabin vá»›i thiáº¿t káº¿ sang trá»ng vÃ  hiá»‡n Ä‘áº¡i, ráº¥t phÃ¹ há»£p cho Ä‘oÃ n sá»‘ lÆ°á»£ng khÃ¡ch vá»«a pháº£i."
58,2,CÃ¡c phÃ²ng cá»§a du thuyá»n Ä‘á»u cÃ³ ban cÃ´ng riÃªng thoÃ¡ng mÃ¡t vá»›i táº§m nhÃ¬n toÃ n cáº£nh Vá»‹nh tuyá»‡t Ä‘áº¹p
58,3,"Nhiá»u hoáº¡t Ä‘á»™ng nhÆ° táº¯m náº¯ng, tiá»‡c hoÃ ng hÃ´n, trÃ  chiá»u sáº½ Ä‘Æ°á»£c diá»…n ra trÃªn khu vá»±c boong tÃ u rá»™ng rÃ£i.á»‹ch"
58,4,Lá»‹ch trÃ¬nh cá»§a du thuyá»n sáº½ Ä‘em Ä‘áº¿n cho du khÃ¡ch nhá»¯ng tráº£i nghiá»‡m thÃº vá»‹ vÃ  háº¥p dáº«n
59,1,"Du thuyá»n Ã‚u CÆ¡ cÃ³ thiáº¿t káº¿ Ä‘Æ°Æ¡ng Ä‘áº¡i vá»›i sá»‘ lÆ°á»£ng cabin lá»›n trang bá»‹ ná»™i tháº¥t tinh táº¿, hiá»‡n Ä‘áº¡i"
59,2,NhÃ  hÃ ng cá»§a du thuyá»n phá»¥c vá»¥ thá»±c Ä‘Æ¡n theo phong cÃ¡ch Ã-Ã‚u vá»›i nhiá»u mÃ³n Äƒn ngon vÃ  háº¥p dáº«n
59,3,Háº£i trÃ¬nh Ä‘áº·c biá»‡t 3 ngÃ y 2 Ä‘Ãªm cÃ³ thá»ƒ tham quan cáº£ Vá»‹nh Háº¡ Long vÃ  Vá»‹nh Lan Háº¡
59,4,"Nhiá»u hoáº¡t Ä‘á»™ng háº¥p dáº«n nhÆ°: giá» vui váº», tham quan Ä‘áº£o CÃ¡t  BÃ , tham quan lÃ ng chÃ i chÃ¨o kayak, bÆ¡i lá»™i."
60,1,"Thiáº¿t káº¿ du thuyá»n sang trá»ng, hiá»‡n Ä‘áº¡i."
60,2,Thá»±c Ä‘Æ¡n buffet Ã â€“ Ã‚u thá»‹nh soáº¡n lÃªn tá»›i 50 mÃ³n
60,3,Set Menu tinh táº¿ vÃ  Ä‘áº³ng cáº¥p
60,4,"Nhá»¯ng hoáº¡t Ä‘á»™ng thÃº vá»‹ trÃªn Vá»‹nh: ThÄƒm hang Sá»­ng Sá»‘t, leo nÃºi vÃ  táº¯m biá»ƒn Titov, chÃ¨o kayak hoáº·c thuyá»n nan."
60,5,Live Music: band nháº¡c vÃ  ca sÄ© phá»¥c vá»¥ hÃ ng ngÃ y trong tiá»‡c Sunset Canape
60,6,Tiá»‡c Sunset Canape
61,1,"Äáº¯m mÃ¬nh trong sá»± sang trá»ng Ä‘á»‰nh cao vá»›i V'Spirit Cruise vÃ  khÃ¡m phÃ¡ cÃ¡ch du thuyá»n láº¥y cáº£m há»©ng tá»« nhá»¯ng hoa vÄƒn truyá»n thá»‘ng trong thiáº¿t káº¿, thá»ƒ hiá»‡n má»™t cÃ¡ch hoÃ n háº£o Tinh tháº§n Viá»‡t Nam, Ä‘Ãºng nhÆ° tÃªn gá»i cá»§a nÃ³"
61,2,"Nhiá»u tráº£i nghiá»‡m thÃº vá»‹ trong chuyáº¿n Ä‘i: chÃ¨o thuyá»n kayak, bÆ¡i lá»™i, lá»›p há»c ThÃ¡i Cá»±c Quyá»n, lá»›p há»c náº¥u Äƒn, ..."
61,3,Tráº£i nghiá»‡m vÃ  thÆ°á»Ÿng thá»©c áº©m thá»±c tuyá»‡t vá»i vá»›i cÃ¡c mÃ³n háº£i sáº£n Ä‘áº·c sáº¯c vÃ  cÃ¡c mÃ³n Äƒn truyá»n thá»‘ng cá»§a Viá»‡t Nam
62,1,"Saquila Yacht Ä‘Æ°á»£c thiáº¿t káº¿ Ä‘á»™c báº£n, sang trá»ng, hÆ°á»›ng Ä‘áº¿n Ä‘Ã¡p á»©ng mong muá»‘n cá»§a khÃ¡ch hÃ ng, tá»« cuá»™c há»p quan trá»ng Ä‘áº¿n ká»³ nghá»‰ thÆ° giÃ£n."
62,2,"Du thuyá»n Ä‘Æ°a Ä‘áº¿n khÃ¡ch hÃ ng cÃ¡c bá»¯a tiá»‡c vÃ  chÆ°Æ¡ng trÃ¬nh áº©m thá»±c cháº¥t lÆ°á»£ng cao, Ä‘áº£m báº£o má»™t tráº£i nghiá»‡m áº©m thá»±c Ä‘áº·c sáº¯c trÃªn Vá»‹nh di sáº£n."
62,3,"Äá»™i ngÅ© cá»§a chÃºng tÃ´i luÃ´n sáºµn sÃ ng há»— trá»£ má»i yÃªu cáº§u, cam káº¿t má»™t chuyáº¿n háº£i trÃ¬nh an toÃ n, thuáº­n lá»£i."
63,1,"NhÃ  hÃ ng cá»§a du thuyá»n ğ•-ğƒğ«ğğšğ¦ ná»•i báº­t vá»›i kiáº¿n trÃºc sang trá»ng, khiáº¿n cho má»—i du khÃ¡ch cÃ³ cáº£m giÃ¡c gáº§n gÅ©i vá»›i thiÃªn nhiÃªn, hÃ²a mÃ¬nh vÃ o cáº£nh biá»ƒn cÃ¹ng nhá»¯ng Ä‘áº£o Ä‘Ã¡ xinh Ä‘áº¹p cá»§a Vá»‹nh Háº¡ Long"
63,2,"Bá»¯a trÆ°a tá»± chá»n Buffet Ä‘a dáº¡ng, Ä‘Æ°á»£c phá»¥c vá»¥ bá»Ÿi cÃ¡c Ä‘áº§u báº¿p lÃ nh nghá», mang Ä‘áº¿n cho báº¡n vÃ  gia Ä‘Ã¬nh má»™t bá»¯a Äƒn truyá»‡t vá»i trÃªn du thuyá»n."
63,3,"NgoÃ i nhá»¯ng tiá»‡n Ã­ch ná»•i báº­t, du thuyá»n V-Dream cÃ²n trang bá»‹ Ä‘áº§y Ä‘á»§ cÃ¡c thiáº¿t bá»‹ an toÃ n nhÆ° BÃ¬nh chá»¯a chÃ¡y, Ão phao, Äá»“ vá»‡ sinh cÃ¡ nhÃ¢n... miá»…n phÃ­"
64,1,"Du thuyá»n Lily mang Ä‘áº¿n tráº£i nghiá»‡m 5 sao trÃªn biá»ƒn, vá»›i thiáº¿t káº¿ tinh táº¿ vÃ  dá»‹ch vá»¥ Ä‘áº³ng cáº¥p. Táº­n hÆ°á»Ÿng khÃ´ng gian sang trá»ng vÃ  tiá»‡n nghi trong suá»‘t hÃ nh trÃ¬nh cá»§a báº¡n."
64,2,"Tráº£i nghiá»‡m Ä‘áº³ng cáº¥p: Tá»« cÃ¡c phÃ²ng nghá»‰ sang trá»ng Ä‘áº¿n cÃ¡c tiá»‡n Ã­ch cao cáº¥p, du thuyá»n Lily cam káº¿t mang Ä‘áº¿n cho báº¡n sá»± thoáº£i mÃ¡i tá»‘i Ä‘a vÃ  nhá»¯ng phÃºt giÃ¢y thÆ° giÃ£n tuyá»‡t vá»i."
64,3,"ThÆ°á»Ÿng thá»©c nhá»¯ng mÃ³n Äƒn ngon miá»‡ng Ä‘Æ°á»£c cháº¿ biáº¿n tá»« cÃ¡c Ä‘áº§u báº¿p tÃ i ba, cÃ¹ng vá»›i Ä‘á»“ uá»‘ng tuyá»‡t háº£o trong khÃ´ng gian sang trá»ng."
64,4,Lily Cruises trá»Ÿ thÃ nh Ä‘iá»ƒm Ä‘áº¿n lÃ½ tÆ°á»Ÿng cho ká»³ nghá»‰ hÃ¨ cá»§a báº¡n vÃ  táº¡o ra nhá»¯ng ká»· niá»‡m khÃ³ quÃªn cÃ¹ng báº¡n bÃ¨ vÃ  gia Ä‘Ã¬nh
65,1,"Lavoya Boutique Day Cruise, nÆ¡i má»—i tráº£i nghiá»‡m cá»§a báº¡n Ä‘Æ°á»£c chÄƒm chÃºt  tinh táº¿ Ä‘á»ƒ táº¡o nÃªn nhá»¯ng khoáº£nh kháº¯c Ä‘Ã¡ng nhá»›."
65,2,"LÃ  thÆ°Æ¡ng hiá»‡u du thuyá»n boutique Ä‘áº§u tiÃªn cá»§a APC, Lavoya há»©a háº¹n mang Ä‘áº¿n nhá»¯ng tráº£i nghiá»‡m khÃ¡c biá»‡t, Ä‘Æ°a du khÃ¡ch khÃ¡m phÃ¡ trá»n váº¹n Vá»‹nh Háº¡ Long trong khÃ´ng gian tinh táº¿ vÃ  yÃªn bÃ¬nh cá»§a du thuyá»n 99 chá»—."
65,3,"KhÃ¡m phÃ¡ Hang Sá»­ng Sá»‘t huyá»n áº£o, chinh phá»¥c Äáº£o Ti Tá»‘p tuyá»‡t sáº¯c, chÃ¨o thuyá»n qua Hang Luá»“n Ä‘á»™c Ä‘Ã¡o, Ä‘an hoÃ  vá»›i nhá»¯ng tráº£i nghiá»‡m áº©m thá»±c vÃ  giáº£i trÃ­ háº¥p dáº«n trÃªn du thuyá»n, há»©a háº¹n má»™t chuyáº¿n du ngoáº¡n cÃ³ 1-0-2."
66,1,"Du thuyá»n Luna Halong Cruise, má»™t kiá»‡t tÃ¡c hiá»‡n Ä‘áº¡i vá»›i sá»©c chá»©a lÃªn Ä‘áº¿n 550 khÃ¡ch, há»©a háº¹n mang Ä‘áº¿n nhá»¯ng tráº£i nghiá»‡m chÆ°a tá»«ng cÃ³ giá»¯a ká»³ quan thiÃªn nhiÃªn Vá»‹nh Háº¡ Long."
66,2,"Quáº§n thá»ƒ tiá»‡n Ã­ch Ä‘á»™c Ä‘Ã¡o: Du thuyá»n khÃ´ng chá»‰ lÃ  nÆ¡i tá»• chá»©c sá»± kiá»‡n mÃ  cÃ²n lÃ  má»™t quáº§n thá»ƒ tiá»‡n Ã­ch giáº£i trÃ­ phong phÃº tá»« Pool Bar, Há»“ bÆ¡i ngoÃ i trá»i, NhÃ  hÃ ng áº©m thá»±c"
66,3,"Tiá»‡n nghi tinh táº¿ vÃ  dá»‹ch vá»¥ Ä‘áº³ng cáº¥p: CÃ¡c phÃ²ng nghá»‰ trÃªn tÃ u Ä‘Æ°á»£c thiáº¿t káº¿ trang nhÃ£, tiá»‡n nghi sang trá»ng vá»›i táº§m nhÃ¬n hÆ°á»›ng biá»ƒn tuyá»‡t Ä‘áº¹p."
66,4,Äáº¿n vá»›i Luna Halong Cruise lÃ  Ä‘áº¿n vá»›i nhá»¯ng tráº£i nghiá»‡m má»›i máº½ vÃ  Ä‘áº³ng cáº¥p trong hÃ nh trÃ¬nh khÃ¡m phÃ¡ Vá»‹nh Di sáº£n.
67,1,"Du thuyá»n ná»•i báº­t vá»›i phong cÃ¡ch cá»• Ä‘iá»ƒn ÄÃ´ng DÆ°Æ¡ng vÃ  hiá»‡n Ä‘áº¡i phÆ°Æ¡ng TÃ¢y, thu hÃºt du khÃ¡ch tá»« diá»‡n máº¡o bÃªn ngoÃ i Ä‘áº¿n ná»™i tháº¥t sang trá»ng bÃªn trong."
67,2,Bá»ƒ bÆ¡i Ä‘áº³ng cáº¥p 5 sao cho nhá»¯ng táº¥m hÃ¬nh checkin Ä‘áº§y sang trá»ng Ä‘á»™c Ä‘Ã¡o
67,3,NÃ©t kiáº¿n trÃºc ÄÃ´ng DÆ°Æ¡ng káº¿t há»£p vá»›i nhá»‹p sá»‘ng phÆ°Æ¡ng TÃ¢y hiá»‡n Ä‘áº¡i Ä‘em láº¡i má»™t sáº£n pháº©m thá»±c sá»± xuáº¥t sáº¯c
67,4,"Táº¥t cáº£ cÃ¡c cabin trÃªn du thuyá»n Ä‘á»u sá»Ÿ há»¯u ban cÃ´ng riÃªng, há»‡ thá»‘ng cá»­a sá»• tráº§n vÃ  bá»“n táº¯m hÆ°á»›ng vá»‹nh."
68,1,"Indochine Grand â€“ Du thuyá»n ngá»§ Ä‘Ãªm cao cáº¥p giá»¯a vá»‹nh Háº¡ Long - Lan Háº¡, kiá»‡t tÃ¡c má»›i nháº¥t tá»« chuá»—i Indochine"
68,2,"NÆ¡i tinh hoa thá»§ cÃ´ng truyá»n thá»‘ng gáº·p gá»¡ dá»‹ch vá»¥ Ä‘á»‰nh cao, mang Ä‘áº¿n tráº£i nghiá»‡m nghá»‰ dÆ°á»¡ng xa hoa, áº©m thá»±c tinh táº¿ vÃ  hÃ nh trÃ¬nh riÃªng biá»‡t."
68,3,"ThÆ°á»Ÿng thá»©c tinh hoa áº©m thá»±c thÆ°á»£ng háº¡ng giá»¯a khung cáº£nh trÃ¡ng lá»‡ cá»§a Vá»‹nh Lan Háº¡ â€“ Háº¡ Long, nÆ¡i tuyá»‡t tÃ¡c thiÃªn nhiÃªn hiá»‡n ra Ä‘áº§y mÃª hoáº·c."
68,4,"Táº­n hÆ°á»Ÿng khoáº£nh kháº¯c sang trá»ng, chinh phá»¥c tá»«ng cÃº swing giá»¯a thiÃªn nhiÃªn tuyá»‡t má»¹, sá»± giao thoa tinh táº¿ giá»¯a Ä‘áº³ng cáº¥p thÆ°á»£ng lÆ°u vÃ  váº» Ä‘áº¹p ngoáº¡n má»¥c cá»§a vá»‹nh biá»ƒn."
69,1,"Láº¥y cáº£m há»©ng tá»« tháº§n thoáº¡i Hy Láº¡p, Calista mang Ä‘áº¿n khÃ´ng gian nghá»‰ dÆ°á»¡ng Ä‘áº³ng cáº¥p 6 sao, nÆ¡i má»i chi tiáº¿t Ä‘á»u Ä‘Æ°á»£c chÄƒm chÃºt Ä‘á»ƒ tÃ´n vinh váº» Ä‘áº¹p di sáº£n thiÃªn nhiÃªn."
69,2,"Vá»›i thiáº¿t káº¿ Ä‘áº³ng cáº¥p cÃ¹ng dá»‹ch vá»¥ chuáº©n 6 sao, du thuyá»n Calista há»©a háº¹n mang Ä‘áº¿n hÃ nh trÃ¬nh thÆ°á»£ng lÆ°u giá»¯a ká»³ quan thiÃªn nhiÃªn hÃ¹ng vÄ©."
69,3,"Dá»‹ch vá»¥ spa cao cáº¥p cá»§a Calista Ä‘Æ°á»£c thiáº¿t káº¿ Ä‘á»ƒ mang Ä‘áº¿n sá»± thÆ° giÃ£n tuyá»‡t Ä‘á»‘i, giÃºp báº¡n xua tan má»i cÄƒng tháº³ng vÃ  tÃ¬m láº¡i sá»± cÃ¢n báº±ng."
69,4,"Calista Cruise há»™i tá»¥ tinh hoa cá»§a sá»± sang trá»ng vÃ  Ä‘áº³ng cáº¥p, nÃ¢ng táº§m tráº£i nghiá»‡m cho má»i du khÃ¡ch."
69,5,Bá»ƒ bÆ¡i Oceanus trÃªn du thuyá»n Calista khÃ´ng chá»‰ lÃ  nÆ¡i thÆ° giÃ£n mÃ  cÃ²n lÃ  Ä‘iá»ƒm nháº¥n sang trá»ng giá»¯a di sáº£n Vá»‹nh Háº¡ Long
70,1,Majesty Prime - Du thuyá»n 5 sao cao cáº¥p hoÃ n toÃ n má»›i mang Ä‘áº¿n má»™t hÃ nh trÃ¬nh khÃ³ quÃªn qua Vá»‹nh Háº¡ Long â€“ Vá»‹nh Lan Háº¡
70,2,"Bá»¯a Äƒn Ä‘áº·c biá»‡t â€“ LÆ°u giá»¯ áº©m thá»±c Viá»‡t Nam, Ã vÃ  Ã‚u vá»›i thá»±c Ä‘Æ¡n Ä‘a dáº¡ng, bao gá»“m cÃ¡c lá»±a chá»n cho ngÆ°á»i Äƒn chay vÃ  tráº» em."
70,3,"Hoáº¡t Ä‘á»™ng thÃº vá»‹ â€“ ChÃ¨o thuyá»n kayak á»Ÿ TrÃ  BÃ u, Ä‘i thuyá»n trong Hang Tá»‘i & SÃ¡ng, bÆ¡i lá»™i, buá»•i sÃ¡ng ÄÃ i ChÃ­, lá»›p há»c náº¥u Äƒn vÃ  tiá»‡c hoÃ ng hÃ´n."
70,4,"Tiá»‡n Ã­ch TrÃªnboard Hiá»‡n Ä‘áº¡i â€“ ThÆ° giÃ£n trong bá»ƒ bÆ¡i mini vá»›i Jacuzzi 4 mÃ¹a, thÆ°á»Ÿng thá»©c Ä‘á»“ uá»‘ng táº¡i quáº§y bar vÃ  dÃ¹ng bá»¯a theo phong cÃ¡ch táº¡i nhÃ  hÃ ng."
71,1,"Du thuyá»n 5* sang trá»ng táº¡i Vá»‹nh Háº¡ Long, Vá»‹nh Lan Háº¡."
71,2,22 cabin Ä‘Æ°á»£c trang trÃ­ vÃ  thiáº¿t káº¿ tinh táº¿ vÃ  trang nhÃ£.
71,3,NhÃ  hÃ ng vÃ  quáº§y bar sang trá»ng vá»›i khÃ´ng gian thoÃ¡ng Ä‘Ã£ng.
